{
    "$schema": "https://schema.management.azure.com/schemas/2015-01-01/deploymentParameters.json#",
    "contentVersion": "1.0.0.0",
    "parameters": {
        "factoryName": {
            "value": "CompassAPICalls"
        },
        "AdviceworxSFTP_password": {
            "value": ""
        },
        "CompassCloudSQL_StoreDataStep_connectionString": {
            "value": ""
        },
        "CompassCloudSQL_Staging_connectionString": {
            "value": ""
        },
        "COMMS DB STAGING_connectionString": {
            "value": ""
        },
        "FICASQLSTAG_connectionString": {
            "value": ""
        },
        "FICA PRODUC_connectionString": {
            "value": ""
        },
        "UserDB Product_connectionString": {
            "value": ""
        },
        "COMMS DB PROD_connectionString": {
            "value": ""
        },
        "ReviewsSQLStag_connectionString": {
            "value": ""
        },
        "ReviewsSQLStagConnect_connectionString": {
            "value": ""
        },
        "ReviewsSQLPRODConnect_connectionString": {
            "value": ""
        },
        "AzureMasterAssetClientMap_connectionString": {
            "value": ""
        },
        "AssetClientMappV1_password": {
            "value": ""
        },
        "AssetClientMapSQL_connectionString": {
            "value": ""
        },
        "AssetClientMapxSFTP_password": {
            "value": ""
        },
        "AssetClientMapSQLV2_connectionString": {
            "value": ""
        },
        "AzureSqlSuspense_connectionString": {
            "value": ""
        },
        "AzureSqlDatabase1_connectionString": {
            "value": ""
        },
        "AzureSqlSuspensetoPRD_connectionString": {
            "value": ""
        },
        "AzureSuspenseToPRD_connectionString": {
            "value": ""
        },
        "AzureSql_Map_Test_connectionString": {
            "value": ""
        },
        "SQLStagingEenvironment_connectionString": {
            "value": ""
        },
        "MappPrdPush_connectionString": {
            "value": ""
        },
        "AUASQL_connectionString": {
            "value": ""
        },
        "AzureSqlDatabase2_connectionString": {
            "value": ""
        },
        "StagingLinkedService_connectionString": {
            "value": ""
        },
        "AzureStorageLinkedService_connectionString": {
            "value": ""
        },
        "AzureSqlDatabaseLinkedService_connectionString": {
            "value": ""
        },
        "DividensSqlLinkedService_connectionString": {
            "value": ""
        },
        "AdviceworxSFTPWealthMap_password": {
            "value": ""
        },
        "WealthMapSqlDatabase_connectionString": {
            "value": ""
        },
        "WealthMapSQLDev_connectionString": {
            "value": ""
        },
        "dividensLink_connectionString": {
            "value": ""
        },
        "DividensLinked_connectionString": {
            "value": ""
        },
        "DevSQLNew30042024_connectionString": {
            "value": ""
        },
        "StgSQLNew30042024_connectionString": {
            "value": ""
        },
        "PrdSQLNew30042024_connectionString": {
            "value": ""
        },
        "AdviceworxSFTP_properties_typeProperties_host": {
            "value": "adviceworx-reportinghub.southafricanorth.cloudapp.azure.com"
        },
        "AdviceworxSFTP_properties_typeProperties_userName": {
            "value": "kylep"
        },
        "AssetClientMappV1_properties_typeProperties_host": {
            "value": "adviceworx-reportinghub.southafricanorth.cloudapp.azure.com"
        },
        "AssetClientMappV1_properties_typeProperties_userName": {
            "value": "henrym"
        },
        "AssetClientMapxSFTP_properties_typeProperties_host": {
            "value": "adviceworx-reportinghub.southafricanorth.cloudapp.azure.com"
        },
        "AssetClientMapxSFTP_properties_typeProperties_userName": {
            "value": "henrym"
        },
        "AdviceworxSFTPWealthMap_properties_typeProperties_host": {
            "value": "adviceworx-reportinghub.southafricanorth.cloudapp.azure.com"
        },
        "AdviceworxSFTPWealthMap_properties_typeProperties_userName": {
            "value": "kylep"
        },
        "containerUri": {
            "value": ""
        },
        "containerSasToken": {
            "value": ""
        }
    }
}