{
    "$schema": "http://schema.management.azure.com/schemas/2015-01-01/deploymentTemplate.json#",
    "contentVersion": "1.0.0.0",
    "parameters": {
        "factoryName": {
            "type": "string",
            "metadata": "Data Factory name",
            "defaultValue": "CompassAPICalls"
        }
    },
    "variables": {
        "factoryId": "[concat('Microsoft.DataFactory/factories/', parameters('factoryName'))]"
    },
    "resources": [
        {
            "name": "[concat(parameters('factoryName'), '/CompassCloudSQL_Production')]",
            "type": "Microsoft.DataFactory/factories/datasets",
            "apiVersion": "2018-06-01",
            "properties": {
                "linkedServiceName": {
                    "referenceName": "UserDB Product",
                    "type": "LinkedServiceReference"
                },
                "annotations": [],
                "type": "AzureSqlTable",
                "schema": [],
                "typeProperties": {
                    "schema": "dbo",
                    "table": "GoldenTable"
                }
            },
            "dependsOn": []
        },
        {
            "name": "[concat(parameters('factoryName'), '/CompassCloudSQL_commsData_PROD')]",
            "type": "Microsoft.DataFactory/factories/datasets",
            "apiVersion": "2018-06-01",
            "properties": {
                "linkedServiceName": {
                    "referenceName": "COMMS DB PROD",
                    "type": "LinkedServiceReference"
                },
                "annotations": [],
                "type": "AzureSqlTable",
                "schema": [
                    {
                        "name": "Entity Id",
                        "type": "nvarchar"
                    },
                    {
                        "name": "Adhoc",
                        "type": "nvarchar"
                    },
                    {
                        "name": "Outlook",
                        "type": "nvarchar"
                    },
                    {
                        "name": "Weekly",
                        "type": "nvarchar"
                    },
                    {
                        "name": "Update",
                        "type": "nvarchar"
                    },
                    {
                        "name": "Events",
                        "type": "nvarchar"
                    },
                    {
                        "name": "User Id",
                        "type": "int",
                        "precision": 10
                    },
                    {
                        "name": "Access Level",
                        "type": "nvarchar"
                    }
                ],
                "typeProperties": {
                    "schema": "dbo",
                    "table": "xPlan Communications Data"
                }
            },
            "dependsOn": []
        },
        {
            "name": "[concat(parameters('factoryName'), '/ReviewsSQLStag')]",
            "type": "Microsoft.DataFactory/factories/datasets",
            "apiVersion": "2018-06-01",
            "properties": {
                "linkedServiceName": {
                    "referenceName": "ReviewsSQLStagConnect",
                    "type": "LinkedServiceReference"
                },
                "annotations": [],
                "type": "AzureSqlTable",
                "schema": [
                    {
                        "name": "PARTNER",
                        "type": "nvarchar"
                    },
                    {
                        "name": "XPUSERCODE",
                        "type": "int",
                        "precision": 10
                    },
                    {
                        "name": "XPLANID",
                        "type": "nvarchar"
                    },
                    {
                        "name": "CLIENT",
                        "type": "nvarchar"
                    },
                    {
                        "name": "REVIEW_DATE",
                        "type": "nvarchar"
                    },
                    {
                        "name": "DATEMONTHSQL",
                        "type": "nvarchar"
                    },
                    {
                        "name": "TIMESTAMP",
                        "type": "nvarchar"
                    },
                    {
                        "name": "CREATOR_DATE",
                        "type": "nvarchar"
                    },
                    {
                        "name": "PAST COUNT",
                        "type": "nvarchar"
                    },
                    {
                        "name": "FUTURE COUNT",
                        "type": "nvarchar"
                    }
                ],
                "typeProperties": {
                    "schema": "dbo",
                    "table": "REVIEWS"
                }
            },
            "dependsOn": []
        },
        {
            "name": "[concat(parameters('factoryName'), '/ReviewsSQLPROD')]",
            "type": "Microsoft.DataFactory/factories/datasets",
            "apiVersion": "2018-06-01",
            "properties": {
                "linkedServiceName": {
                    "referenceName": "ReviewsSQLPRODConnect",
                    "type": "LinkedServiceReference"
                },
                "annotations": [],
                "type": "AzureSqlTable",
                "schema": [
                    {
                        "name": "PARTNER",
                        "type": "nvarchar"
                    },
                    {
                        "name": "XPUSERCODE",
                        "type": "int",
                        "precision": 10
                    },
                    {
                        "name": "XPLANID",
                        "type": "nvarchar"
                    },
                    {
                        "name": "CLIENT",
                        "type": "nvarchar"
                    },
                    {
                        "name": "REVIEW_DATE",
                        "type": "nvarchar"
                    },
                    {
                        "name": "DATEMONTHSQL",
                        "type": "nvarchar"
                    },
                    {
                        "name": "TIMESTAMP",
                        "type": "nvarchar"
                    },
                    {
                        "name": "CREATOR_DATE",
                        "type": "nvarchar"
                    },
                    {
                        "name": "PAST COUNT",
                        "type": "nvarchar"
                    },
                    {
                        "name": "FUTURE COUNT",
                        "type": "nvarchar"
                    }
                ],
                "typeProperties": {
                    "schema": "dbo",
                    "table": "REVIEWS"
                }
            },
            "dependsOn": []
        },
        {
            "name": "[concat(parameters('factoryName'), '/AssetClientMapV1')]",
            "type": "Microsoft.DataFactory/factories/datasets",
            "apiVersion": "2018-06-01",
            "properties": {
                "linkedServiceName": {
                    "referenceName": "AssetClientMappV1",
                    "type": "LinkedServiceReference"
                },
                "folder": {
                    "name": "MIS_NAV"
                },
                "annotations": [],
                "type": "DelimitedText",
                "typeProperties": {
                    "location": {
                        "type": "SftpLocation",
                        "fileName": "AssetClientMap.csv",
                        "folderPath": "/AdviceworxSFTP/xPlanData/AssetClientMap"
                    },
                    "columnDelimiter": ",",
                    "escapeChar": "\\",
                    "firstRowAsHeader": true,
                    "quoteChar": "\""
                },
                "schema": [
                    {
                        "name": "Client Adviser",
                        "type": "String"
                    },
                    {
                        "name": "QlikAssetCNMap",
                        "type": "String"
                    },
                    {
                        "name": "Entity Name",
                        "type": "String"
                    },
                    {
                        "name": "Entity Id",
                        "type": "String"
                    },
                    {
                        "name": "Entity Status",
                        "type": "String"
                    }
                ]
            },
            "dependsOn": []
        },
        {
            "name": "[concat(parameters('factoryName'), '/AssetClientMapSQL')]",
            "type": "Microsoft.DataFactory/factories/datasets",
            "apiVersion": "2018-06-01",
            "properties": {
                "linkedServiceName": {
                    "referenceName": "AssetClientMapSQL",
                    "type": "LinkedServiceReference"
                },
                "folder": {
                    "name": "MIS_NAV"
                },
                "annotations": [],
                "type": "AzureSqlTable",
                "schema": [
                    {
                        "name": "Client Adviser",
                        "type": "nvarchar"
                    },
                    {
                        "name": "QlikAssetCNMap",
                        "type": "nvarchar"
                    },
                    {
                        "name": "Entity Name",
                        "type": "nvarchar"
                    },
                    {
                        "name": "Entity Id",
                        "type": "int",
                        "precision": 10
                    },
                    {
                        "name": "Entity Status",
                        "type": "nvarchar"
                    },
                    {
                        "name": "Key Details | Secondary Adviser",
                        "type": "nvarchar"
                    }
                ],
                "typeProperties": {
                    "schema": "dbo",
                    "table": "ASSETClientMAP_TEST"
                }
            },
            "dependsOn": []
        },
        {
            "name": "[concat(parameters('factoryName'), '/AssetClientMapCSV')]",
            "type": "Microsoft.DataFactory/factories/datasets",
            "apiVersion": "2018-06-01",
            "properties": {
                "linkedServiceName": {
                    "referenceName": "AdviceworxSFTP",
                    "type": "LinkedServiceReference"
                },
                "folder": {
                    "name": "MIS_NAV"
                },
                "annotations": [],
                "type": "DelimitedText",
                "typeProperties": {
                    "location": {
                        "type": "SftpLocation",
                        "fileName": "AssetClientMap.csv",
                        "folderPath": "/AdviceworxSFTP/xPlanData/AssetClientMap"
                    },
                    "columnDelimiter": ",",
                    "escapeChar": "\\",
                    "firstRowAsHeader": true,
                    "quoteChar": "\""
                },
                "schema": [
                    {
                        "name": "Client Adviser",
                        "type": "String"
                    },
                    {
                        "name": "QlikAssetCNMap",
                        "type": "String"
                    },
                    {
                        "name": "Entity Name",
                        "type": "String"
                    },
                    {
                        "name": "Entity Id",
                        "type": "String"
                    },
                    {
                        "name": "Entity Status",
                        "type": "String"
                    }
                ]
            },
            "dependsOn": []
        },
        {
            "name": "[concat(parameters('factoryName'), '/AssetClientMapJSON')]",
            "type": "Microsoft.DataFactory/factories/datasets",
            "apiVersion": "2018-06-01",
            "properties": {
                "linkedServiceName": {
                    "referenceName": "AdviceworxSFTP",
                    "type": "LinkedServiceReference"
                },
                "folder": {
                    "name": "MIS_NAV"
                },
                "annotations": [],
                "type": "Json",
                "typeProperties": {
                    "location": {
                        "type": "SftpLocation",
                        "fileName": "AssetClientMap.json",
                        "folderPath": "/AdviceworxSFTP/xPlanData/AssetClientMap"
                    },
                    "encodingName": "UTF-8"
                },
                "schema": {
                    "type": "object",
                    "properties": {
                        "Client Adviser": {
                            "type": "string"
                        },
                        "Key Details | Secondary Adviser": {
                            "type": "string"
                        },
                        "QlikAssetCNMap": {
                            "type": "string"
                        },
                        "Entity Name": {
                            "type": "string"
                        },
                        "Entity Id": {
                            "type": "string"
                        },
                        "Entity Status": {
                            "type": "string"
                        }
                    }
                }
            },
            "dependsOn": []
        },
        {
            "name": "[concat(parameters('factoryName'), '/SuspenseEx')]",
            "type": "Microsoft.DataFactory/factories/datasets",
            "apiVersion": "2018-06-01",
            "properties": {
                "linkedServiceName": {
                    "referenceName": "AdviceworxSFTP",
                    "type": "LinkedServiceReference"
                },
                "annotations": [],
                "type": "Excel",
                "typeProperties": {
                    "sheetName": "Sheet1",
                    "location": {
                        "type": "SftpLocation",
                        "fileName": "Sus _Test.xlsx",
                        "folderPath": "/AdviceworxSFTP/xPlanData/SuspenseToSQL"
                    },
                    "firstRowAsHeader": true
                },
                "schema": []
            },
            "dependsOn": []
        },
        {
            "name": "[concat(parameters('factoryName'), '/AzureSqlTable2')]",
            "type": "Microsoft.DataFactory/factories/datasets",
            "apiVersion": "2018-06-01",
            "properties": {
                "linkedServiceName": {
                    "referenceName": "AzureSqlSuspense",
                    "type": "LinkedServiceReference"
                },
                "annotations": [],
                "type": "AzureSqlTable",
                "schema": [
                    {
                        "name": "Xpusercode",
                        "type": "int",
                        "precision": 10
                    },
                    {
                        "name": "MISReportingDate",
                        "type": "date"
                    },
                    {
                        "name": "Partner",
                        "type": "nvarchar"
                    },
                    {
                        "name": "TotalAmount",
                        "type": "decimal",
                        "precision": 29,
                        "scale": 17
                    },
                    {
                        "name": "30DayPlusAmount",
                        "type": "nvarchar"
                    },
                    {
                        "name": "20to30DayAmount",
                        "type": "nvarchar"
                    },
                    {
                        "name": "10to20DayAmount",
                        "type": "nvarchar"
                    },
                    {
                        "name": "1to10DayAmount",
                        "type": "nvarchar"
                    },
                    {
                        "name": "0DayAmount",
                        "type": "nvarchar"
                    }
                ],
                "typeProperties": {
                    "schema": "dbo",
                    "table": "Suspense"
                }
            },
            "dependsOn": []
        },
        {
            "name": "[concat(parameters('factoryName'), '/AzureSuspenseToSTG')]",
            "type": "Microsoft.DataFactory/factories/datasets",
            "apiVersion": "2018-06-01",
            "properties": {
                "linkedServiceName": {
                    "referenceName": "StagingLinkedService",
                    "type": "LinkedServiceReference"
                },
                "annotations": [],
                "type": "AzureSqlTable",
                "schema": [
                    {
                        "name": "Xpusercode",
                        "type": "int",
                        "precision": 10
                    },
                    {
                        "name": "MISReportingDate",
                        "type": "date"
                    },
                    {
                        "name": "Partner",
                        "type": "nvarchar"
                    },
                    {
                        "name": "TotalAmount",
                        "type": "decimal",
                        "precision": 29,
                        "scale": 17
                    },
                    {
                        "name": "30DayPlusAmount",
                        "type": "nvarchar"
                    },
                    {
                        "name": "20to30DayAmount",
                        "type": "nvarchar"
                    },
                    {
                        "name": "10to20DayAmount",
                        "type": "nvarchar"
                    },
                    {
                        "name": "1to10DayAmount",
                        "type": "nvarchar"
                    },
                    {
                        "name": "0DayAmount",
                        "type": "nvarchar"
                    }
                ],
                "typeProperties": {
                    "schema": "dbo",
                    "table": "Suspense"
                }
            },
            "dependsOn": []
        },
        {
            "name": "[concat(parameters('factoryName'), '/SuspenseExcel')]",
            "type": "Microsoft.DataFactory/factories/datasets",
            "apiVersion": "2018-06-01",
            "properties": {
                "linkedServiceName": {
                    "referenceName": "AdviceworxSFTP",
                    "type": "LinkedServiceReference"
                },
                "annotations": [],
                "type": "Excel",
                "typeProperties": {
                    "sheetName": "Sheet1",
                    "location": {
                        "type": "SftpLocation",
                        "fileName": "Sus _Test.xlsx",
                        "folderPath": "/AdviceworxSFTP/xPlanData/SuspenseToSQL"
                    },
                    "firstRowAsHeader": true
                },
                "schema": [
                    {
                        "type": "String"
                    },
                    {
                        "type": "String"
                    },
                    {
                        "type": "String"
                    },
                    {
                        "type": "String"
                    },
                    {
                        "type": "String"
                    },
                    {
                        "type": "String"
                    },
                    {
                        "type": "String"
                    },
                    {
                        "type": "String"
                    },
                    {
                        "type": "String"
                    }
                ]
            },
            "dependsOn": []
        },
        {
            "name": "[concat(parameters('factoryName'), '/Map_Test')]",
            "type": "Microsoft.DataFactory/factories/datasets",
            "apiVersion": "2018-06-01",
            "properties": {
                "linkedServiceName": {
                    "referenceName": "AdviceworxSFTP",
                    "type": "LinkedServiceReference"
                },
                "annotations": [],
                "type": "DelimitedText",
                "typeProperties": {
                    "location": {
                        "type": "SftpLocation",
                        "fileName": "AuA_TMP.csv",
                        "folderPath": "/AdviceworxSFTP/Adviceworx_Map"
                    },
                    "columnDelimiter": ",",
                    "escapeChar": "\\",
                    "firstRowAsHeader": true,
                    "quoteChar": "\""
                },
                "schema": [
                    {
                        "name": "KeyAuA",
                        "type": "String"
                    },
                    {
                        "name": "Partner",
                        "type": "String"
                    },
                    {
                        "name": "XPUSERCODE",
                        "type": "String"
                    },
                    {
                        "name": "SourcePartner",
                        "type": "String"
                    },
                    {
                        "name": "BDM",
                        "type": "String"
                    },
                    {
                        "name": "AwxClient",
                        "type": "String"
                    },
                    {
                        "name": "EntityID",
                        "type": "String"
                    },
                    {
                        "name": "Client Name Map Eval",
                        "type": "String"
                    },
                    {
                        "name": "SourceClient",
                        "type": "String"
                    },
                    {
                        "name": "Product",
                        "type": "String"
                    },
                    {
                        "name": "FundNameSource",
                        "type": "String"
                    },
                    {
                        "name": "FundGroup",
                        "type": "String"
                    },
                    {
                        "name": "Fee Generating",
                        "type": "String"
                    },
                    {
                        "name": "AssetValue",
                        "type": "String"
                    },
                    {
                        "name": "ProductProvider",
                        "type": "String"
                    },
                    {
                        "name": "PolicyNumber",
                        "type": "String"
                    },
                    {
                        "name": "DateMonth",
                        "type": "String"
                    },
                    {
                        "name": "FSP",
                        "type": "String"
                    },
                    {
                        "name": "FSP Broker Code",
                        "type": "String"
                    },
                    {
                        "name": "check",
                        "type": "String"
                    },
                    {
                        "name": "Exclude Cash",
                        "type": "String"
                    },
                    {
                        "name": "Type",
                        "type": "String"
                    },
                    {
                        "name": "PartnerxPlanID",
                        "type": "String"
                    }
                ]
            },
            "dependsOn": []
        },
        {
            "name": "[concat(parameters('factoryName'), '/AzureSql_Map_Test')]",
            "type": "Microsoft.DataFactory/factories/datasets",
            "apiVersion": "2018-06-01",
            "properties": {
                "linkedServiceName": {
                    "referenceName": "AzureSql_Map_Test",
                    "type": "LinkedServiceReference"
                },
                "annotations": [],
                "type": "AzureSqlTable",
                "schema": [],
                "typeProperties": {
                    "schema": "dbo",
                    "table": "MAPP_Test"
                }
            },
            "dependsOn": []
        },
        {
            "name": "[concat(parameters('factoryName'), '/CCR_PartnerIncentive_SFTP')]",
            "type": "Microsoft.DataFactory/factories/datasets",
            "apiVersion": "2018-06-01",
            "properties": {
                "linkedServiceName": {
                    "referenceName": "AdviceworxSFTP",
                    "type": "LinkedServiceReference"
                },
                "folder": {
                    "name": "MIS_NAV"
                },
                "annotations": [],
                "type": "DelimitedText",
                "typeProperties": {
                    "location": {
                        "type": "SftpLocation",
                        "fileName": "Client Consolidated & Partner Incentive.csv",
                        "folderPath": "/AdviceworxSFTP/MIS_Team"
                    },
                    "columnDelimiter": ",",
                    "escapeChar": "\\",
                    "firstRowAsHeader": true,
                    "quoteChar": "\""
                },
                "schema": [
                    {
                        "name": "DateMonth",
                        "type": "String"
                    },
                    {
                        "name": "Partner",
                        "type": "String"
                    },
                    {
                        "name": "Partner (GoldenTable)",
                        "type": "String"
                    },
                    {
                        "name": "Partner xPlanID",
                        "type": "String"
                    },
                    {
                        "name": "ProductProvider",
                        "type": "String"
                    },
                    {
                        "name": "FundGroup",
                        "type": "String"
                    },
                    {
                        "name": "MPS Name",
                        "type": "String"
                    },
                    {
                        "name": "EntityID",
                        "type": "String"
                    },
                    {
                        "name": "AwxClient",
                        "type": "String"
                    },
                    {
                        "name": "PolicyNumber",
                        "type": "String"
                    },
                    {
                        "name": "Product",
                        "type": "String"
                    },
                    {
                        "name": "FundNameAuA",
                        "type": "String"
                    },
                    {
                        "name": "FundName_MorningStar",
                        "type": "String"
                    },
                    {
                        "name": "Investment Strategy",
                        "type": "String"
                    },
                    {
                        "name": "MS Check",
                        "type": "String"
                    },
                    {
                        "name": "AuAValue",
                        "type": "String"
                    },
                    {
                        "name": "Experience",
                        "type": "String"
                    },
                    {
                        "name": "Client Name Map Eval",
                        "type": "String"
                    }
                ]
            },
            "dependsOn": []
        },
        {
            "name": "[concat(parameters('factoryName'), '/CCR_PartnerIncentive_SQL')]",
            "type": "Microsoft.DataFactory/factories/datasets",
            "apiVersion": "2018-06-01",
            "properties": {
                "linkedServiceName": {
                    "referenceName": "AssetClientMapSQL",
                    "type": "LinkedServiceReference"
                },
                "folder": {
                    "name": "MIS_NAV"
                },
                "annotations": [],
                "type": "AzureSqlTable",
                "schema": [
                    {
                        "name": "DateMonth",
                        "type": "date"
                    },
                    {
                        "name": "Partner",
                        "type": "nvarchar"
                    },
                    {
                        "name": "Partner (GoldenTable)",
                        "type": "nvarchar"
                    },
                    {
                        "name": "Partner xPlanID",
                        "type": "int",
                        "precision": 10
                    },
                    {
                        "name": "ProductProvider",
                        "type": "nvarchar"
                    },
                    {
                        "name": "FundGroup",
                        "type": "nvarchar"
                    },
                    {
                        "name": "MPS Name",
                        "type": "nvarchar"
                    },
                    {
                        "name": "EntityID",
                        "type": "nvarchar"
                    },
                    {
                        "name": "AwxClient",
                        "type": "nvarchar"
                    },
                    {
                        "name": "PolicyNumber",
                        "type": "nvarchar"
                    },
                    {
                        "name": "Product",
                        "type": "nvarchar"
                    },
                    {
                        "name": "FundNameAuA",
                        "type": "nvarchar"
                    },
                    {
                        "name": "FundName_MorningStar",
                        "type": "nvarchar"
                    },
                    {
                        "name": "MS Check",
                        "type": "nvarchar"
                    },
                    {
                        "name": "AuAValue",
                        "type": "decimal",
                        "precision": 38,
                        "scale": 17
                    },
                    {
                        "name": "Experience",
                        "type": "nvarchar"
                    },
                    {
                        "name": "KeyConcat",
                        "type": "nvarchar"
                    },
                    {
                        "name": "Client Name Map Eval",
                        "type": "nvarchar"
                    },
                    {
                        "name": "Investment Strategy",
                        "type": "nvarchar"
                    }
                ],
                "typeProperties": {
                    "schema": "dbo",
                    "table": "CCR, Partner Incentive & Mapp"
                }
            },
            "dependsOn": []
        },
        {
            "name": "[concat(parameters('factoryName'), '/Client_List_QV_SFTP')]",
            "type": "Microsoft.DataFactory/factories/datasets",
            "apiVersion": "2018-06-01",
            "properties": {
                "linkedServiceName": {
                    "referenceName": "AdviceworxSFTP",
                    "type": "LinkedServiceReference"
                },
                "folder": {
                    "name": "MIS_NAV"
                },
                "annotations": [],
                "type": "DelimitedText",
                "typeProperties": {
                    "location": {
                        "type": "SftpLocation",
                        "fileName": "Client_List_QV.csv",
                        "folderPath": "/AdviceworxSFTP/xPlanData/Client_List_QV"
                    },
                    "columnDelimiter": ",",
                    "escapeChar": "\\",
                    "firstRowAsHeader": true,
                    "quoteChar": "\""
                },
                "schema": [
                    {
                        "name": "Key Details | Client Adviser0",
                        "type": "String"
                    },
                    {
                        "name": "Groups | User Group",
                        "type": "String"
                    },
                    {
                        "name": "Key Details | Title",
                        "type": "String"
                    },
                    {
                        "name": "Key Details | Initials",
                        "type": "String"
                    },
                    {
                        "name": "Key Details | First Name4",
                        "type": "String"
                    },
                    {
                        "name": "Key Details | Entity Name",
                        "type": "String"
                    },
                    {
                        "name": "Key Details | Entity Id",
                        "type": "String"
                    },
                    {
                        "name": "Contact | Preferred Email",
                        "type": "String"
                    },
                    {
                        "name": "Contact | Preferred Phone",
                        "type": "String"
                    },
                    {
                        "name": "- No Category - | ",
                        "type": "String"
                    },
                    {
                        "name": "Attachment | Client Attachments",
                        "type": "String"
                    },
                    {
                        "name": "Audit | Field Last Modified By",
                        "type": "String"
                    },
                    {
                        "name": "Audit | Field or Group Last Modified By",
                        "type": "String"
                    },
                    {
                        "name": "Key Details | Second Name",
                        "type": "String"
                    },
                    {
                        "name": "Key Details | Category",
                        "type": "String"
                    },
                    {
                        "name": "Key Details | First Name15",
                        "type": "String"
                    },
                    {
                        "name": "Key Details | Entity Status",
                        "type": "String"
                    },
                    {
                        "name": "Key Details | Client Adviser17",
                        "type": "String"
                    },
                    {
                        "name": "Key Details | Client Adviser Name",
                        "type": "String"
                    },
                    {
                        "name": "Personal Details | Surname",
                        "type": "String"
                    },
                    {
                        "name": "Age",
                        "type": "String"
                    },
                    {
                        "name": "Category",
                        "type": "String"
                    },
                    {
                        "name": "Occupation",
                        "type": "String"
                    },
                    {
                        "name": "Bank | Bank Name",
                        "type": "String"
                    },
                    {
                        "name": "Bank | Account Number",
                        "type": "String"
                    },
                    {
                        "name": "Created Date",
                        "type": "String"
                    },
                    {
                        "name": "Secondary Adviser",
                        "type": "String"
                    }
                ]
            },
            "dependsOn": []
        },
        {
            "name": "[concat(parameters('factoryName'), '/Client_List_QV_SQL')]",
            "type": "Microsoft.DataFactory/factories/datasets",
            "apiVersion": "2018-06-01",
            "properties": {
                "linkedServiceName": {
                    "referenceName": "AssetClientMapSQL",
                    "type": "LinkedServiceReference"
                },
                "folder": {
                    "name": "MIS_NAV"
                },
                "annotations": [],
                "type": "AzureSqlTable",
                "schema": [
                    {
                        "name": "Key Details | Client Adviser0",
                        "type": "nvarchar"
                    },
                    {
                        "name": "Groups | User Group",
                        "type": "nvarchar"
                    },
                    {
                        "name": "Key Details | Title",
                        "type": "nvarchar"
                    },
                    {
                        "name": "Key Details | Initials",
                        "type": "nvarchar"
                    },
                    {
                        "name": "Key Details | First Name4",
                        "type": "nvarchar"
                    },
                    {
                        "name": "Key Details | Entity Name",
                        "type": "nvarchar"
                    },
                    {
                        "name": "Key Details | Entity Id",
                        "type": "nvarchar"
                    },
                    {
                        "name": "Contact | Preferred Email",
                        "type": "nvarchar"
                    },
                    {
                        "name": "Contact | Preferred Phone",
                        "type": "nvarchar"
                    },
                    {
                        "name": "No Category - |",
                        "type": "nvarchar"
                    },
                    {
                        "name": "Attachment | Client Attachments",
                        "type": "nvarchar"
                    },
                    {
                        "name": "Audit | Field Last Modified By",
                        "type": "nvarchar"
                    },
                    {
                        "name": "Audit | Field or Group Last Modified By",
                        "type": "nvarchar"
                    },
                    {
                        "name": "Key Details | Second Name",
                        "type": "nvarchar"
                    },
                    {
                        "name": "Key Details | Category",
                        "type": "nvarchar"
                    },
                    {
                        "name": "Key Details | First Name15",
                        "type": "nvarchar"
                    },
                    {
                        "name": "Key Details | Entity Status",
                        "type": "nvarchar"
                    },
                    {
                        "name": "Key Details | Client Adviser17",
                        "type": "nvarchar"
                    },
                    {
                        "name": "Key Details | Client Adviser Name",
                        "type": "nvarchar"
                    },
                    {
                        "name": "Personal Details | Surname",
                        "type": "nvarchar"
                    },
                    {
                        "name": "Age",
                        "type": "nvarchar"
                    },
                    {
                        "name": "Category",
                        "type": "nvarchar"
                    },
                    {
                        "name": "Occupation",
                        "type": "nvarchar"
                    },
                    {
                        "name": "Bank | Bank Name",
                        "type": "nvarchar"
                    },
                    {
                        "name": "Bank | Account Number",
                        "type": "nvarchar"
                    },
                    {
                        "name": "Created Date",
                        "type": "nvarchar"
                    },
                    {
                        "name": "Secondary Adviser",
                        "type": "nvarchar"
                    }
                ],
                "typeProperties": {
                    "schema": "dbo",
                    "table": "Client_List_QV"
                }
            },
            "dependsOn": []
        },
        {
            "name": "[concat(parameters('factoryName'), '/FundMappingTable_SFTP')]",
            "type": "Microsoft.DataFactory/factories/datasets",
            "apiVersion": "2018-06-01",
            "properties": {
                "linkedServiceName": {
                    "referenceName": "AdviceworxSFTP",
                    "type": "LinkedServiceReference"
                },
                "folder": {
                    "name": "MIS_NAV"
                },
                "annotations": [],
                "type": "Excel",
                "typeProperties": {
                    "sheetName": "Sheet1",
                    "location": {
                        "type": "SftpLocation",
                        "fileName": "FundMapping_AuA to MorningStar.xlsx",
                        "folderPath": "/AdviceworxSFTP/MIS_Team/NAV_Investments"
                    },
                    "firstRowAsHeader": true
                },
                "schema": [
                    {
                        "name": "FUND_AUA",
                        "type": "String"
                    },
                    {
                        "name": "FUND_MORNINGSTAR",
                        "type": "String"
                    },
                    {
                        "name": "AdviceType",
                        "type": "String"
                    },
                    {
                        "name": "Strategy",
                        "type": "String"
                    }
                ]
            },
            "dependsOn": []
        },
        {
            "name": "[concat(parameters('factoryName'), '/FundMappingTable_SQL')]",
            "type": "Microsoft.DataFactory/factories/datasets",
            "apiVersion": "2018-06-01",
            "properties": {
                "linkedServiceName": {
                    "referenceName": "AssetClientMapSQL",
                    "type": "LinkedServiceReference"
                },
                "folder": {
                    "name": "MIS_NAV"
                },
                "annotations": [],
                "type": "AzureSqlTable",
                "schema": [
                    {
                        "name": "FUND_AUA",
                        "type": "varchar"
                    },
                    {
                        "name": "FUND_MORNINGSTAR",
                        "type": "varchar"
                    },
                    {
                        "name": "AdviceType",
                        "type": "varchar"
                    },
                    {
                        "name": "Strategy",
                        "type": "nvarchar"
                    }
                ],
                "typeProperties": {
                    "schema": "dbo",
                    "table": "FundMapping_AuAtoMorningStar"
                }
            },
            "dependsOn": []
        }
    ]
}