{
    "$schema": "http://schema.management.azure.com/schemas/2015-01-01/deploymentTemplate.json#",
    "contentVersion": "1.0.0.0",
    "parameters": {
        "factoryName": {
            "type": "string",
            "metadata": "Data Factory name",
            "defaultValue": "CompassAPICalls"
        }
    },
    "variables": {
        "factoryId": "[concat('Microsoft.DataFactory/factories/', parameters('factoryName'))]"
    },
    "resources": [
        {
            "name": "[concat(parameters('factoryName'), '/SuspensetriggerDEV')]",
            "type": "Microsoft.DataFactory/factories/triggers",
            "apiVersion": "2018-06-01",
            "properties": {
                "annotations": [],
                "runtimeState": "Stopped",
                "pipelines": [],
                "type": "ScheduleTrigger",
                "typeProperties": {
                    "recurrence": {
                        "frequency": "Week",
                        "interval": 1,
                        "startTime": "2023-09-17T16:00:00",
                        "timeZone": "South Africa Standard Time",
                        "schedule": {
                            "minutes": [
                                0
                            ],
                            "hours": [
                                16
                            ],
                            "weekDays": [
                                "Friday"
                            ]
                        }
                    }
                }
            },
            "dependsOn": []
        },
        {
            "name": "[concat(parameters('factoryName'), '/RevenueTest')]",
            "type": "Microsoft.DataFactory/factories/triggers",
            "apiVersion": "2018-06-01",
            "properties": {
                "annotations": [],
                "runtimeState": "Stopped",
                "pipelines": [],
                "type": "ScheduleTrigger",
                "typeProperties": {
                    "recurrence": {
                        "frequency": "Minute",
                        "interval": 60,
                        "startTime": "2023-11-14T12:49:00",
                        "timeZone": "South Africa Standard Time"
                    }
                }
            },
            "dependsOn": []
        },
        {
            "name": "[concat(parameters('factoryName'), '/AUA_trigger')]",
            "type": "Microsoft.DataFactory/factories/triggers",
            "apiVersion": "2018-06-01",
            "properties": {
                "annotations": [],
                "runtimeState": "Stopped",
                "pipelines": [],
                "type": "ScheduleTrigger",
                "typeProperties": {
                    "recurrence": {
                        "frequency": "Minute",
                        "interval": 120,
                        "startTime": "2023-11-16T10:42:00",
                        "timeZone": "South Africa Standard Time"
                    }
                }
            },
            "dependsOn": []
        },
        {
            "name": "[concat(parameters('factoryName'), '/StrtegiesTrigger')]",
            "type": "Microsoft.DataFactory/factories/triggers",
            "apiVersion": "2018-06-01",
            "properties": {
                "annotations": [],
                "runtimeState": "Stopped",
                "pipelines": [],
                "type": "ScheduleTrigger",
                "typeProperties": {
                    "recurrence": {
                        "frequency": "Minute",
                        "interval": 15,
                        "startTime": "2023-11-27T12:45:00",
                        "timeZone": "South Africa Standard Time"
                    }
                }
            },
            "dependsOn": []
        },
        {
            "name": "[concat(parameters('factoryName'), '/AUMPipelineTrigger')]",
            "type": "Microsoft.DataFactory/factories/triggers",
            "apiVersion": "2018-06-01",
            "properties": {
                "annotations": [],
                "runtimeState": "Stopped",
                "pipelines": [],
                "type": "ScheduleTrigger",
                "typeProperties": {
                    "recurrence": {
                        "frequency": "Minute",
                        "interval": 15,
                        "startTime": "2023-12-05T12:02:00",
                        "timeZone": "South Africa Standard Time"
                    }
                }
            },
            "dependsOn": []
        },
        {
            "name": "[concat(parameters('factoryName'), '/AUA_Pipeline_Trigger')]",
            "type": "Microsoft.DataFactory/factories/triggers",
            "apiVersion": "2018-06-01",
            "properties": {
                "annotations": [],
                "runtimeState": "Stopped",
                "pipelines": [],
                "type": "ScheduleTrigger",
                "typeProperties": {
                    "recurrence": {
                        "frequency": "Minute",
                        "interval": 15,
                        "startTime": "2023-12-06T08:16:00",
                        "timeZone": "South Africa Standard Time"
                    }
                }
            },
            "dependsOn": []
        },
        {
            "name": "[concat(parameters('factoryName'), '/STGToPRDtrigger')]",
            "type": "Microsoft.DataFactory/factories/triggers",
            "apiVersion": "2018-06-01",
            "properties": {
                "annotations": [],
                "runtimeState": "Stopped",
                "pipelines": [],
                "type": "ScheduleTrigger",
                "typeProperties": {
                    "recurrence": {
                        "frequency": "Minute",
                        "interval": 60,
                        "startTime": "2023-12-12T14:34:00",
                        "timeZone": "South Africa Standard Time"
                    }
                }
            },
            "dependsOn": []
        },
        {
            "name": "[concat(parameters('factoryName'), '/UserDB_CSV')]",
            "type": "Microsoft.DataFactory/factories/datasets",
            "apiVersion": "2018-06-01",
            "properties": {
                "linkedServiceName": {
                    "referenceName": "AdviceworxSFTP",
                    "type": "LinkedServiceReference"
                },
                "annotations": [],
                "type": "DelimitedText",
                "typeProperties": {
                    "location": {
                        "type": "SftpLocation",
                        "fileName": "UserDB.csv",
                        "folderPath": "/AdviceworxSFTP/CompassRepo"
                    },
                    "columnDelimiter": ",",
                    "escapeChar": "\\",
                    "firstRowAsHeader": true,
                    "quoteChar": "\""
                },
                "schema": [
                    {
                        "name": "User Id",
                        "type": "String"
                    },
                    {
                        "name": "Partner/PM/Other Name (Preferred - Full)",
                        "type": "String"
                    },
                    {
                        "name": "Partner/PM/Other Name (Rep Register)",
                        "type": "String"
                    },
                    {
                        "name": "Email Address",
                        "type": "String"
                    },
                    {
                        "name": "ID Number",
                        "type": "String"
                    },
                    {
                        "name": "Governance Role",
                        "type": "String"
                    },
                    {
                        "name": "Date Joined",
                        "type": "String"
                    },
                    {
                        "name": "Date Terminated",
                        "type": "String"
                    },
                    {
                        "name": "Employee Code",
                        "type": "String"
                    },
                    {
                        "name": "Employee Status",
                        "type": "String"
                    },
                    {
                        "name": "Assistant Name 1",
                        "type": "String"
                    },
                    {
                        "name": "Assistant email address 1",
                        "type": "String"
                    },
                    {
                        "name": "Assistant Name 2",
                        "type": "String"
                    },
                    {
                        "name": "Assistant email address 2",
                        "type": "String"
                    },
                    {
                        "name": "Assistant Name 3",
                        "type": "String"
                    },
                    {
                        "name": "Assistant email address 3",
                        "type": "String"
                    },
                    {
                        "name": "Partnership Directors/Manager",
                        "type": "String"
                    },
                    {
                        "name": "Partnership Directors/Manager Email",
                        "type": "String"
                    },
                    {
                        "name": "Partner Operations Manager/CRM",
                        "type": "String"
                    },
                    {
                        "name": "Partner Operations Manager/CRM Email",
                        "type": "String"
                    },
                    {
                        "name": "Cost Centre",
                        "type": "String"
                    },
                    {
                        "name": "Sitting Office",
                        "type": "String"
                    },
                    {
                        "name": "Office",
                        "type": "String"
                    },
                    {
                        "name": "Office Address",
                        "type": "String"
                    },
                    {
                        "name": "Tel Number",
                        "type": "String"
                    },
                    {
                        "name": "Approved Advice Adopter",
                        "type": "String"
                    },
                    {
                        "name": "Partner Journey Tier",
                        "type": "String"
                    },
                    {
                        "name": "Preferred Email",
                        "type": "String"
                    },
                    {
                        "name": "xPlan Entity Name",
                        "type": "String"
                    },
                    {
                        "name": "xPlan Preferred Name",
                        "type": "String"
                    },
                    {
                        "name": "xPlan Access Level",
                        "type": "String"
                    }
                ]
            },
            "dependsOn": []
        },
        {
            "name": "[concat(parameters('factoryName'), '/CompassCloudSQL')]",
            "type": "Microsoft.DataFactory/factories/datasets",
            "apiVersion": "2018-06-01",
            "properties": {
                "linkedServiceName": {
                    "referenceName": "CompassCloudSQL_StoreDataStep",
                    "type": "LinkedServiceReference"
                },
                "annotations": [],
                "type": "AzureSqlTable",
                "schema": [],
                "typeProperties": {
                    "schema": "dbo",
                    "table": "GoldenTable"
                }
            },
            "dependsOn": []
        },
        {
            "name": "[concat(parameters('factoryName'), '/CommsData')]",
            "type": "Microsoft.DataFactory/factories/datasets",
            "apiVersion": "2018-06-01",
            "properties": {
                "linkedServiceName": {
                    "referenceName": "AdviceworxSFTP",
                    "type": "LinkedServiceReference"
                },
                "annotations": [],
                "type": "DelimitedText",
                "typeProperties": {
                    "location": {
                        "type": "SftpLocation",
                        "fileName": "CommsData.csv",
                        "folderPath": "/AdviceworxSFTP/CompassRepo/newDataComms"
                    },
                    "columnDelimiter": ",",
                    "escapeChar": "\\",
                    "firstRowAsHeader": true,
                    "quoteChar": "\""
                },
                "schema": [
                    {
                        "name": "Entity Id",
                        "type": "String"
                    },
                    {
                        "name": "Adhoc",
                        "type": "String"
                    },
                    {
                        "name": "Outlook",
                        "type": "String"
                    },
                    {
                        "name": "Weekly",
                        "type": "String"
                    },
                    {
                        "name": "Update",
                        "type": "String"
                    },
                    {
                        "name": "Events",
                        "type": "String"
                    },
                    {
                        "name": "User Id",
                        "type": "String"
                    },
                    {
                        "name": "Access Level",
                        "type": "String"
                    }
                ]
            },
            "dependsOn": []
        },
        {
            "name": "[concat(parameters('factoryName'), '/CompassCloudSQL_commsData')]",
            "type": "Microsoft.DataFactory/factories/datasets",
            "apiVersion": "2018-06-01",
            "properties": {
                "linkedServiceName": {
                    "referenceName": "CompassCloudSQL_StoreDataStep",
                    "type": "LinkedServiceReference"
                },
                "annotations": [],
                "type": "AzureSqlTable",
                "schema": [
                    {
                        "name": "Entity Id",
                        "type": "nvarchar"
                    },
                    {
                        "name": "Adhoc",
                        "type": "nvarchar"
                    },
                    {
                        "name": "Outlook",
                        "type": "nvarchar"
                    },
                    {
                        "name": "Weekly",
                        "type": "nvarchar"
                    },
                    {
                        "name": "Update",
                        "type": "nvarchar"
                    },
                    {
                        "name": "Events",
                        "type": "nvarchar"
                    },
                    {
                        "name": "User Id",
                        "type": "int",
                        "precision": 10
                    },
                    {
                        "name": "Access Level",
                        "type": "nvarchar"
                    }
                ],
                "typeProperties": {
                    "schema": "dbo",
                    "table": "xPlan Communications Data"
                }
            },
            "dependsOn": []
        },
        {
            "name": "[concat(parameters('factoryName'), '/FICA')]",
            "type": "Microsoft.DataFactory/factories/datasets",
            "apiVersion": "2018-06-01",
            "properties": {
                "linkedServiceName": {
                    "referenceName": "AdviceworxSFTP",
                    "type": "LinkedServiceReference"
                },
                "annotations": [],
                "type": "DelimitedText",
                "typeProperties": {
                    "location": {
                        "type": "SftpLocation",
                        "fileName": "FICAData.csv",
                        "folderPath": "/AdviceworxSFTP/CompassRepo/newDataWorkings"
                    },
                    "columnDelimiter": ",",
                    "escapeChar": "\\",
                    "firstRowAsHeader": true,
                    "quoteChar": "\""
                },
                "schema": [
                    {
                        "name": "xPlan ID",
                        "type": "String"
                    },
                    {
                        "name": "Client Name",
                        "type": "String"
                    },
                    {
                        "name": "ID #",
                        "type": "String"
                    },
                    {
                        "name": "Entity Status",
                        "type": "String"
                    },
                    {
                        "name": "Partner",
                        "type": "String"
                    },
                    {
                        "name": "XPUserCode",
                        "type": "String"
                    },
                    {
                        "name": "Fica Point",
                        "type": "String"
                    }
                ]
            },
            "dependsOn": []
        },
        {
            "name": "[concat(parameters('factoryName'), '/AzureSqlTable1')]",
            "type": "Microsoft.DataFactory/factories/datasets",
            "apiVersion": "2018-06-01",
            "properties": {
                "linkedServiceName": {
                    "referenceName": "CompassCloudSQL_StoreDataStep",
                    "type": "LinkedServiceReference"
                },
                "annotations": [],
                "type": "AzureSqlTable",
                "schema": [
                    {
                        "name": "xPlan ID",
                        "type": "nvarchar"
                    },
                    {
                        "name": "Client Name",
                        "type": "nvarchar"
                    },
                    {
                        "name": "ID #",
                        "type": "nvarchar"
                    },
                    {
                        "name": "Entity Status",
                        "type": "nvarchar"
                    },
                    {
                        "name": "Partner",
                        "type": "nvarchar"
                    },
                    {
                        "name": "XPUserCode",
                        "type": "int",
                        "precision": 10
                    },
                    {
                        "name": "Fica Point",
                        "type": "int",
                        "precision": 10
                    },
                    {
                        "name": "TimeStamp",
                        "type": "nvarchar"
                    }
                ],
                "typeProperties": {
                    "schema": "dbo",
                    "table": "FICA_Test"
                }
            },
            "dependsOn": []
        },
        {
            "name": "[concat(parameters('factoryName'), '/ReviewsCSV')]",
            "type": "Microsoft.DataFactory/factories/datasets",
            "apiVersion": "2018-06-01",
            "properties": {
                "linkedServiceName": {
                    "referenceName": "AdviceworxSFTP",
                    "type": "LinkedServiceReference"
                },
                "annotations": [],
                "type": "DelimitedText",
                "typeProperties": {
                    "location": {
                        "type": "SftpLocation",
                        "fileName": "REVIEWSDataverse.csv",
                        "folderPath": "/AdviceworxSFTP/CompassRepo/newDataWorkingsReview"
                    },
                    "columnDelimiter": ",",
                    "escapeChar": "\\",
                    "firstRowAsHeader": true,
                    "quoteChar": "'"
                },
                "schema": [
                    {
                        "name": "PARTNER",
                        "type": "String"
                    },
                    {
                        "name": "XPLANID",
                        "type": "String"
                    },
                    {
                        "name": "CLIENT",
                        "type": "String"
                    },
                    {
                        "name": "Key Details | Created Date",
                        "type": "String"
                    },
                    {
                        "name": "REVIEW_DATE",
                        "type": "String"
                    },
                    {
                        "name": "Review | Completed Date",
                        "type": "String"
                    },
                    {
                        "name": "Task | Type",
                        "type": "String"
                    },
                    {
                        "name": "Task | Subject",
                        "type": "String"
                    },
                    {
                        "name": "Task | ID",
                        "type": "String"
                    },
                    {
                        "name": "Task | Created Date",
                        "type": "String"
                    },
                    {
                        "name": "Review | Type",
                        "type": "String"
                    },
                    {
                        "name": "Review | Frequency",
                        "type": "String"
                    },
                    {
                        "name": "XPUSERCODE",
                        "type": "String"
                    }
                ]
            },
            "dependsOn": []
        },
        {
            "name": "[concat(parameters('factoryName'), '/ReviewsSQL')]",
            "type": "Microsoft.DataFactory/factories/datasets",
            "apiVersion": "2018-06-01",
            "properties": {
                "linkedServiceName": {
                    "referenceName": "CompassCloudSQL_StoreDataStep",
                    "type": "LinkedServiceReference"
                },
                "annotations": [],
                "type": "AzureSqlTable",
                "schema": [
                    {
                        "name": "PARTNER",
                        "type": "nvarchar"
                    },
                    {
                        "name": "XPUSERCODE",
                        "type": "int",
                        "precision": 10
                    },
                    {
                        "name": "XPLANID",
                        "type": "nvarchar"
                    },
                    {
                        "name": "CLIENT",
                        "type": "nvarchar"
                    },
                    {
                        "name": "REVIEW_DATE",
                        "type": "nvarchar"
                    },
                    {
                        "name": "DATEMONTHSQL",
                        "type": "nvarchar"
                    },
                    {
                        "name": "TIMESTAMP",
                        "type": "nvarchar"
                    },
                    {
                        "name": "CREATOR_DATE",
                        "type": "nvarchar"
                    },
                    {
                        "name": "PAST COUNT",
                        "type": "nvarchar"
                    },
                    {
                        "name": "FUTURE COUNT",
                        "type": "nvarchar"
                    }
                ],
                "typeProperties": {
                    "schema": "dbo",
                    "table": "REVIEWS"
                }
            },
            "dependsOn": []
        },
        {
            "name": "[concat(parameters('factoryName'), '/DelimitedText1')]",
            "type": "Microsoft.DataFactory/factories/datasets",
            "apiVersion": "2018-06-01",
            "properties": {
                "linkedServiceName": {
                    "referenceName": "AdviceworxSFTP",
                    "type": "LinkedServiceReference"
                },
                "annotations": [],
                "type": "DelimitedText",
                "typeProperties": {
                    "location": {
                        "type": "SftpLocation",
                        "folderPath": "/AdviceworxSFTP/CompassRepo"
                    },
                    "columnDelimiter": ",",
                    "escapeChar": "\\",
                    "firstRowAsHeader": true,
                    "quoteChar": "\""
                },
                "schema": []
            },
            "dependsOn": []
        },
        {
            "name": "[concat(parameters('factoryName'), '/CompassCloudSQL_Staging')]",
            "type": "Microsoft.DataFactory/factories/datasets",
            "apiVersion": "2018-06-01",
            "properties": {
                "linkedServiceName": {
                    "referenceName": "CompassCloudSQL_Staging",
                    "type": "LinkedServiceReference"
                },
                "annotations": [],
                "type": "AzureSqlTable",
                "schema": [],
                "typeProperties": {
                    "schema": "dbo",
                    "table": "GoldenTable"
                }
            },
            "dependsOn": []
        },
        {
            "name": "[concat(parameters('factoryName'), '/CompassCloudSQL_commsData_STAG')]",
            "type": "Microsoft.DataFactory/factories/datasets",
            "apiVersion": "2018-06-01",
            "properties": {
                "linkedServiceName": {
                    "referenceName": "COMMS DB STAGING",
                    "type": "LinkedServiceReference"
                },
                "annotations": [],
                "type": "AzureSqlTable",
                "schema": [
                    {
                        "name": "Entity Id",
                        "type": "nvarchar"
                    },
                    {
                        "name": "Adhoc",
                        "type": "nvarchar"
                    },
                    {
                        "name": "Outlook",
                        "type": "nvarchar"
                    },
                    {
                        "name": "Weekly",
                        "type": "nvarchar"
                    },
                    {
                        "name": "Update",
                        "type": "nvarchar"
                    },
                    {
                        "name": "Events",
                        "type": "nvarchar"
                    },
                    {
                        "name": "User Id",
                        "type": "int",
                        "precision": 10
                    },
                    {
                        "name": "Access Level",
                        "type": "nvarchar"
                    }
                ],
                "typeProperties": {
                    "schema": "dbo",
                    "table": "xPlan Communications Data"
                }
            },
            "dependsOn": []
        },
        {
            "name": "[concat(parameters('factoryName'), '/AzureSqlTable1_Stag')]",
            "type": "Microsoft.DataFactory/factories/datasets",
            "apiVersion": "2018-06-01",
            "properties": {
                "linkedServiceName": {
                    "referenceName": "FICASQLSTAG",
                    "type": "LinkedServiceReference"
                },
                "annotations": [],
                "type": "AzureSqlTable",
                "schema": [
                    {
                        "name": "xPlan ID",
                        "type": "nvarchar"
                    },
                    {
                        "name": "Client Name",
                        "type": "nvarchar"
                    },
                    {
                        "name": "ID #",
                        "type": "nvarchar"
                    },
                    {
                        "name": "Entity Status",
                        "type": "nvarchar"
                    },
                    {
                        "name": "Partner",
                        "type": "nvarchar"
                    },
                    {
                        "name": "XPUserCode",
                        "type": "int",
                        "precision": 10
                    },
                    {
                        "name": "Fica Point",
                        "type": "int",
                        "precision": 10
                    },
                    {
                        "name": "TimeStamp",
                        "type": "nvarchar"
                    }
                ],
                "typeProperties": {
                    "schema": "dbo",
                    "table": "FICA_Test"
                }
            },
            "dependsOn": []
        },
        {
            "name": "[concat(parameters('factoryName'), '/AzureSqlTable1_Produ')]",
            "type": "Microsoft.DataFactory/factories/datasets",
            "apiVersion": "2018-06-01",
            "properties": {
                "linkedServiceName": {
                    "referenceName": "FICA PRODUC",
                    "type": "LinkedServiceReference"
                },
                "annotations": [],
                "type": "AzureSqlTable",
                "schema": [
                    {
                        "name": "xPlan ID",
                        "type": "nvarchar"
                    },
                    {
                        "name": "Client Name",
                        "type": "nvarchar"
                    },
                    {
                        "name": "ID #",
                        "type": "nvarchar"
                    },
                    {
                        "name": "Entity Status",
                        "type": "nvarchar"
                    },
                    {
                        "name": "Partner",
                        "type": "nvarchar"
                    },
                    {
                        "name": "XPUserCode",
                        "type": "int",
                        "precision": 10
                    },
                    {
                        "name": "Fica Point",
                        "type": "int",
                        "precision": 10
                    },
                    {
                        "name": "TimeStamp",
                        "type": "nvarchar"
                    }
                ],
                "typeProperties": {
                    "schema": "dbo",
                    "table": "FICA_Test"
                }
            },
            "dependsOn": []
        }
    ]
}