{
    "$schema": "http://schema.management.azure.com/schemas/2015-01-01/deploymentTemplate.json#",
    "contentVersion": "1.0.0.0",
    "parameters": {
        "factoryName": {
            "type": "string",
            "metadata": "Data Factory name",
            "defaultValue": "CompassAPICalls"
        }
    },
    "variables": {
        "factoryId": "[concat('Microsoft.DataFactory/factories/', parameters('factoryName'))]"
    },
    "resources": [
        {
            "name": "[concat(parameters('factoryName'), '/DIVIDEND_PAYOUToProd')]",
            "type": "Microsoft.DataFactory/factories/datasets",
            "apiVersion": "2018-06-01",
            "properties": {
                "linkedServiceName": {
                    "referenceName": "AzureSqlSuspensetoPRD",
                    "type": "LinkedServiceReference"
                },
                "annotations": [],
                "type": "AzureSqlTable",
                "schema": [
                    {
                        "name": "PARTNER_NAME",
                        "type": "nvarchar"
                    },
                    {
                        "name": "XPUSERCODE",
                        "type": "int",
                        "precision": 10
                    },
                    {
                        "name": "SQLPARTNERCHECK",
                        "type": "int",
                        "precision": 10
                    },
                    {
                        "name": "Dividends Actuals YR 19 PD 20",
                        "type": "decimal",
                        "precision": 18,
                        "scale": 0
                    },
                    {
                        "name": "Dividends Actuals YR 20 PD 21",
                        "type": "decimal",
                        "precision": 18,
                        "scale": 0
                    },
                    {
                        "name": "Dividends Actuals YR 21 PD 22",
                        "type": "decimal",
                        "precision": 18,
                        "scale": 0
                    },
                    {
                        "name": "Dividends Actuals YR 22 PD 23",
                        "type": "decimal",
                        "precision": 18,
                        "scale": 0
                    }
                ],
                "typeProperties": {
                    "schema": "dbo",
                    "table": "DIVIDEND_PAYOUT"
                }
            },
            "dependsOn": []
        },
        {
            "name": "[concat(parameters('factoryName'), '/xPlanStatsKPIToDev')]",
            "type": "Microsoft.DataFactory/factories/datasets",
            "apiVersion": "2018-06-01",
            "properties": {
                "linkedServiceName": {
                    "referenceName": "AdviceworxSFTP",
                    "type": "LinkedServiceReference"
                },
                "annotations": [],
                "type": "DelimitedText",
                "typeProperties": {
                    "location": {
                        "type": "SftpLocation",
                        "fileName": "xplanDetail.csv",
                        "folderPath": "/AdviceworxSFTP/MIS_Team/Monthly Data Push To SQL"
                    },
                    "columnDelimiter": ",",
                    "escapeChar": "\\",
                    "firstRowAsHeader": true,
                    "quoteChar": "\""
                },
                "schema": [
                    {
                        "name": "Xpusercode",
                        "type": "String"
                    },
                    {
                        "name": "MISReportingDate",
                        "type": "String"
                    },
                    {
                        "name": "xPlan Stats user",
                        "type": "String"
                    },
                    {
                        "name": "Partner",
                        "type": "String"
                    },
                    {
                        "name": "Assistant",
                        "type": "String"
                    },
                    {
                        "name": "AuAGroup",
                        "type": "String"
                    },
                    {
                        "name": "ClientCountGroup",
                        "type": "String"
                    },
                    {
                        "name": "PracticeAVG",
                        "type": "String"
                    },
                    {
                        "name": "AssistantAVG",
                        "type": "String"
                    },
                    {
                        "name": "PracticeRank",
                        "type": "String"
                    },
                    {
                        "name": "AssistantRank",
                        "type": "String"
                    },
                    {
                        "name": "MagicNumberPractice",
                        "type": "String"
                    },
                    {
                        "name": "MagicNumberAssistant",
                        "type": "String"
                    }
                ]
            },
            "dependsOn": []
        },
        {
            "name": "[concat(parameters('factoryName'), '/ModelOfficeToSTG')]",
            "type": "Microsoft.DataFactory/factories/datasets",
            "apiVersion": "2018-06-01",
            "properties": {
                "linkedServiceName": {
                    "referenceName": "StagingLinkedService",
                    "type": "LinkedServiceReference"
                },
                "annotations": [],
                "type": "AzureSqlTable",
                "schema": [
                    {
                        "name": "Partner",
                        "type": "nvarchar"
                    },
                    {
                        "name": "Status (DNQ Pending)",
                        "type": "nvarchar"
                    },
                    {
                        "name": "Model Office Score Dec'22",
                        "type": "decimal",
                        "precision": 18,
                        "scale": 4
                    },
                    {
                        "name": "BSA1",
                        "type": "int",
                        "precision": 10
                    },
                    {
                        "name": "BSA2",
                        "type": "int",
                        "precision": 10
                    },
                    {
                        "name": "BSA3",
                        "type": "int",
                        "precision": 10
                    },
                    {
                        "name": "BSB1 DNQ",
                        "type": "nvarchar"
                    },
                    {
                        "name": "BSB1",
                        "type": "int",
                        "precision": 10
                    },
                    {
                        "name": "BSB3",
                        "type": "int",
                        "precision": 10
                    },
                    {
                        "name": "EOMA1 DNQ",
                        "type": "nvarchar"
                    },
                    {
                        "name": "EOMA1",
                        "type": "int",
                        "precision": 10
                    },
                    {
                        "name": "EOMB1",
                        "type": "int",
                        "precision": 10
                    },
                    {
                        "name": "EOMC1",
                        "type": "int",
                        "precision": 10
                    },
                    {
                        "name": "EOMD1",
                        "type": "int",
                        "precision": 10
                    },
                    {
                        "name": "EOME1",
                        "type": "int",
                        "precision": 10
                    },
                    {
                        "name": "EOMF1",
                        "type": "int",
                        "precision": 10
                    },
                    {
                        "name": "EOMG1",
                        "type": "int",
                        "precision": 10
                    },
                    {
                        "name": "BMPA1 DNQ",
                        "type": "nvarchar"
                    },
                    {
                        "name": "BMPA1",
                        "type": "int",
                        "precision": 10
                    },
                    {
                        "name": "BMPB1",
                        "type": "int",
                        "precision": 10
                    },
                    {
                        "name": "BMPC1",
                        "type": "int",
                        "precision": 10
                    },
                    {
                        "name": "BMPD1",
                        "type": "int",
                        "precision": 10
                    },
                    {
                        "name": "BMPE1",
                        "type": "int",
                        "precision": 10
                    },
                    {
                        "name": "CVPB1",
                        "type": "int",
                        "precision": 10
                    },
                    {
                        "name": "CVPC BookPrice",
                        "type": "decimal",
                        "precision": 18,
                        "scale": 4
                    },
                    {
                        "name": "CVPC1",
                        "type": "int",
                        "precision": 10
                    },
                    {
                        "name": "CVPD1",
                        "type": "int",
                        "precision": 10
                    },
                    {
                        "name": "CVPE1",
                        "type": "int",
                        "precision": 10
                    },
                    {
                        "name": "ACTA1",
                        "type": "int",
                        "precision": 10
                    },
                    {
                        "name": "ACTB1",
                        "type": "int",
                        "precision": 10
                    },
                    {
                        "name": "ACTC1",
                        "type": "int",
                        "precision": 10
                    },
                    {
                        "name": "ACTD1",
                        "type": "int",
                        "precision": 10
                    },
                    {
                        "name": "EAA1",
                        "type": "int",
                        "precision": 10
                    },
                    {
                        "name": "EAB1",
                        "type": "int",
                        "precision": 10
                    },
                    {
                        "name": "EAC1",
                        "type": "int",
                        "precision": 10
                    },
                    {
                        "name": "EAD1 DNQ",
                        "type": "nvarchar"
                    },
                    {
                        "name": "EAD1",
                        "type": "int",
                        "precision": 10
                    },
                    {
                        "name": "ReportingDate",
                        "type": "date"
                    },
                    {
                        "name": "XPUSERCODE",
                        "type": "int",
                        "precision": 10
                    },
                    {
                        "name": "EOMC1 DNQ",
                        "type": "nvarchar"
                    },
                    {
                        "name": "BMPB1 DNQ",
                        "type": "nvarchar"
                    }
                ],
                "typeProperties": {
                    "schema": "dbo",
                    "table": "Model Office Matrix"
                }
            },
            "dependsOn": []
        },
        {
            "name": "[concat(parameters('factoryName'), '/ModelOfficeDev')]",
            "type": "Microsoft.DataFactory/factories/datasets",
            "apiVersion": "2018-06-01",
            "properties": {
                "linkedServiceName": {
                    "referenceName": "AzureSqlSuspense",
                    "type": "LinkedServiceReference"
                },
                "annotations": [],
                "type": "AzureSqlTable",
                "schema": [
                    {
                        "name": "Partner",
                        "type": "nvarchar"
                    },
                    {
                        "name": "Status (DNQ Pending)",
                        "type": "nvarchar"
                    },
                    {
                        "name": "Model Office Score Dec'22",
                        "type": "decimal",
                        "precision": 18,
                        "scale": 4
                    },
                    {
                        "name": "BSA1",
                        "type": "int",
                        "precision": 10
                    },
                    {
                        "name": "BSA2",
                        "type": "int",
                        "precision": 10
                    },
                    {
                        "name": "BSA3",
                        "type": "int",
                        "precision": 10
                    },
                    {
                        "name": "BSB1 DNQ",
                        "type": "nvarchar"
                    },
                    {
                        "name": "BSB1",
                        "type": "int",
                        "precision": 10
                    },
                    {
                        "name": "BSB3",
                        "type": "int",
                        "precision": 10
                    },
                    {
                        "name": "EOMA1 DNQ",
                        "type": "nvarchar"
                    },
                    {
                        "name": "EOMA1",
                        "type": "int",
                        "precision": 10
                    },
                    {
                        "name": "EOMB1",
                        "type": "int",
                        "precision": 10
                    },
                    {
                        "name": "EOMC1",
                        "type": "int",
                        "precision": 10
                    },
                    {
                        "name": "EOMD1",
                        "type": "int",
                        "precision": 10
                    },
                    {
                        "name": "EOME1",
                        "type": "int",
                        "precision": 10
                    },
                    {
                        "name": "EOMF1",
                        "type": "int",
                        "precision": 10
                    },
                    {
                        "name": "EOMG1",
                        "type": "int",
                        "precision": 10
                    },
                    {
                        "name": "BMPA1 DNQ",
                        "type": "nvarchar"
                    },
                    {
                        "name": "BMPA1",
                        "type": "int",
                        "precision": 10
                    },
                    {
                        "name": "BMPB1",
                        "type": "int",
                        "precision": 10
                    },
                    {
                        "name": "BMPC1",
                        "type": "int",
                        "precision": 10
                    },
                    {
                        "name": "BMPD1",
                        "type": "int",
                        "precision": 10
                    },
                    {
                        "name": "BMPE1",
                        "type": "int",
                        "precision": 10
                    },
                    {
                        "name": "CVPB1",
                        "type": "int",
                        "precision": 10
                    },
                    {
                        "name": "CVPC BookPrice",
                        "type": "decimal",
                        "precision": 18,
                        "scale": 4
                    },
                    {
                        "name": "CVPC1",
                        "type": "int",
                        "precision": 10
                    },
                    {
                        "name": "CVPD1",
                        "type": "int",
                        "precision": 10
                    },
                    {
                        "name": "CVPE1",
                        "type": "int",
                        "precision": 10
                    },
                    {
                        "name": "ACTA1",
                        "type": "int",
                        "precision": 10
                    },
                    {
                        "name": "ACTB1",
                        "type": "int",
                        "precision": 10
                    },
                    {
                        "name": "ACTC1",
                        "type": "int",
                        "precision": 10
                    },
                    {
                        "name": "ACTD1",
                        "type": "int",
                        "precision": 10
                    },
                    {
                        "name": "EAA1",
                        "type": "int",
                        "precision": 10
                    },
                    {
                        "name": "EAB1",
                        "type": "int",
                        "precision": 10
                    },
                    {
                        "name": "EAC1",
                        "type": "int",
                        "precision": 10
                    },
                    {
                        "name": "EAD1 DNQ",
                        "type": "nvarchar"
                    },
                    {
                        "name": "EAD1",
                        "type": "int",
                        "precision": 10
                    },
                    {
                        "name": "ReportingDate",
                        "type": "date"
                    },
                    {
                        "name": "XPUSERCODE",
                        "type": "int",
                        "precision": 10
                    },
                    {
                        "name": "EOMC1 DNQ",
                        "type": "nvarchar"
                    },
                    {
                        "name": "BMPB1 DNQ",
                        "type": "nvarchar"
                    }
                ],
                "typeProperties": {
                    "schema": "dbo",
                    "table": "Model Office Matrix"
                }
            },
            "dependsOn": []
        },
        {
            "name": "[concat(parameters('factoryName'), '/ModelOfficeToPRD')]",
            "type": "Microsoft.DataFactory/factories/datasets",
            "apiVersion": "2018-06-01",
            "properties": {
                "linkedServiceName": {
                    "referenceName": "AzureSqlSuspensetoPRD",
                    "type": "LinkedServiceReference"
                },
                "annotations": [],
                "type": "AzureSqlTable",
                "schema": [
                    {
                        "name": "Partner",
                        "type": "nvarchar"
                    },
                    {
                        "name": "Status (DNQ Pending)",
                        "type": "nvarchar"
                    },
                    {
                        "name": "Model Office Score Dec'22",
                        "type": "decimal",
                        "precision": 18,
                        "scale": 4
                    },
                    {
                        "name": "BSA1",
                        "type": "int",
                        "precision": 10
                    },
                    {
                        "name": "BSA2",
                        "type": "int",
                        "precision": 10
                    },
                    {
                        "name": "BSA3",
                        "type": "int",
                        "precision": 10
                    },
                    {
                        "name": "BSB1 DNQ",
                        "type": "nvarchar"
                    },
                    {
                        "name": "BSB1",
                        "type": "int",
                        "precision": 10
                    },
                    {
                        "name": "BSB3",
                        "type": "int",
                        "precision": 10
                    },
                    {
                        "name": "EOMA1 DNQ",
                        "type": "nvarchar"
                    },
                    {
                        "name": "EOMA1",
                        "type": "int",
                        "precision": 10
                    },
                    {
                        "name": "EOMB1",
                        "type": "int",
                        "precision": 10
                    },
                    {
                        "name": "EOMC1",
                        "type": "int",
                        "precision": 10
                    },
                    {
                        "name": "EOMD1",
                        "type": "int",
                        "precision": 10
                    },
                    {
                        "name": "EOME1",
                        "type": "int",
                        "precision": 10
                    },
                    {
                        "name": "EOMF1",
                        "type": "int",
                        "precision": 10
                    },
                    {
                        "name": "EOMG1",
                        "type": "int",
                        "precision": 10
                    },
                    {
                        "name": "BMPA1 DNQ",
                        "type": "nvarchar"
                    },
                    {
                        "name": "BMPA1",
                        "type": "int",
                        "precision": 10
                    },
                    {
                        "name": "BMPB1",
                        "type": "int",
                        "precision": 10
                    },
                    {
                        "name": "BMPC1",
                        "type": "int",
                        "precision": 10
                    },
                    {
                        "name": "BMPD1",
                        "type": "int",
                        "precision": 10
                    },
                    {
                        "name": "BMPE1",
                        "type": "int",
                        "precision": 10
                    },
                    {
                        "name": "CVPB1",
                        "type": "int",
                        "precision": 10
                    },
                    {
                        "name": "CVPC BookPrice",
                        "type": "decimal",
                        "precision": 18,
                        "scale": 4
                    },
                    {
                        "name": "CVPC1",
                        "type": "int",
                        "precision": 10
                    },
                    {
                        "name": "CVPD1",
                        "type": "int",
                        "precision": 10
                    },
                    {
                        "name": "CVPE1",
                        "type": "int",
                        "precision": 10
                    },
                    {
                        "name": "ACTA1",
                        "type": "int",
                        "precision": 10
                    },
                    {
                        "name": "ACTB1",
                        "type": "int",
                        "precision": 10
                    },
                    {
                        "name": "ACTC1",
                        "type": "int",
                        "precision": 10
                    },
                    {
                        "name": "ACTD1",
                        "type": "int",
                        "precision": 10
                    },
                    {
                        "name": "EAA1",
                        "type": "int",
                        "precision": 10
                    },
                    {
                        "name": "EAB1",
                        "type": "int",
                        "precision": 10
                    },
                    {
                        "name": "EAC1",
                        "type": "int",
                        "precision": 10
                    },
                    {
                        "name": "EAD1 DNQ",
                        "type": "nvarchar"
                    },
                    {
                        "name": "EAD1",
                        "type": "int",
                        "precision": 10
                    },
                    {
                        "name": "ReportingDate",
                        "type": "date"
                    },
                    {
                        "name": "XPUSERCODE",
                        "type": "int",
                        "precision": 10
                    },
                    {
                        "name": "EOMC1 DNQ",
                        "type": "nvarchar"
                    },
                    {
                        "name": "BMPB1 DNQ",
                        "type": "nvarchar"
                    }
                ],
                "typeProperties": {
                    "schema": "dbo",
                    "table": "Model Office Matrix"
                }
            },
            "dependsOn": []
        },
        {
            "name": "[concat(parameters('factoryName'), '/EARNINGS_CONTRACTUAL_COMMITMENTToDev')]",
            "type": "Microsoft.DataFactory/factories/datasets",
            "apiVersion": "2018-06-01",
            "properties": {
                "linkedServiceName": {
                    "referenceName": "AzureSqlSuspensetoPRD",
                    "type": "LinkedServiceReference"
                },
                "annotations": [],
                "type": "AzureSqlTable",
                "schema": [
                    {
                        "name": "PARTNER_NAME",
                        "type": "nvarchar"
                    },
                    {
                        "name": "XPUSERCODE",
                        "type": "int",
                        "precision": 10
                    },
                    {
                        "name": "SQLPARTNERCHECK",
                        "type": "int",
                        "precision": 10
                    },
                    {
                        "name": "1",
                        "type": "decimal",
                        "precision": 18,
                        "scale": 0
                    },
                    {
                        "name": "2",
                        "type": "decimal",
                        "precision": 18,
                        "scale": 0
                    },
                    {
                        "name": "3",
                        "type": "decimal",
                        "precision": 18,
                        "scale": 0
                    },
                    {
                        "name": "4",
                        "type": "decimal",
                        "precision": 18,
                        "scale": 0
                    },
                    {
                        "name": "5",
                        "type": "decimal",
                        "precision": 18,
                        "scale": 0
                    },
                    {
                        "name": "6",
                        "type": "decimal",
                        "precision": 18,
                        "scale": 0
                    },
                    {
                        "name": "7",
                        "type": "decimal",
                        "precision": 18,
                        "scale": 0
                    },
                    {
                        "name": "8",
                        "type": "decimal",
                        "precision": 18,
                        "scale": 0
                    },
                    {
                        "name": "9",
                        "type": "decimal",
                        "precision": 18,
                        "scale": 0
                    },
                    {
                        "name": "10",
                        "type": "decimal",
                        "precision": 18,
                        "scale": 0
                    },
                    {
                        "name": "11",
                        "type": "decimal",
                        "precision": 18,
                        "scale": 0
                    },
                    {
                        "name": "12",
                        "type": "decimal",
                        "precision": 18,
                        "scale": 0
                    },
                    {
                        "name": "13",
                        "type": "decimal",
                        "precision": 18,
                        "scale": 0
                    },
                    {
                        "name": "14",
                        "type": "decimal",
                        "precision": 18,
                        "scale": 0
                    },
                    {
                        "name": "15",
                        "type": "decimal",
                        "precision": 18,
                        "scale": 0
                    }
                ],
                "typeProperties": {
                    "schema": "dbo",
                    "table": "EARNINGS_CONTRACTUAL_COMMITMENT"
                }
            },
            "dependsOn": []
        },
        {
            "name": "[concat(parameters('factoryName'), '/OutputSqlDataset')]",
            "type": "Microsoft.DataFactory/factories/datasets",
            "apiVersion": "2018-06-01",
            "properties": {
                "linkedServiceName": {
                    "referenceName": "AzureSqlDatabaseLinkedService",
                    "type": "LinkedServiceReference"
                },
                "annotations": [],
                "type": "AzureSqlTable",
                "schema": [
                    {
                        "name": "PARTNER_NAME",
                        "type": "nvarchar"
                    },
                    {
                        "name": "XPUSERCODE",
                        "type": "int",
                        "precision": 10
                    },
                    {
                        "name": "SQLPARTNERCHECK",
                        "type": "int",
                        "precision": 10
                    },
                    {
                        "name": "Dividends Actuals YR 19 PD 20",
                        "type": "decimal",
                        "precision": 18,
                        "scale": 0
                    },
                    {
                        "name": "Dividends Actuals YR 20 PD 21",
                        "type": "decimal",
                        "precision": 18,
                        "scale": 0
                    },
                    {
                        "name": "Dividends Actuals YR 21 PD 22",
                        "type": "decimal",
                        "precision": 18,
                        "scale": 0
                    },
                    {
                        "name": "Dividends Actuals YR 22 PD 23",
                        "type": "decimal",
                        "precision": 18,
                        "scale": 0
                    }
                ],
                "typeProperties": {
                    "schema": "dbo",
                    "table": "DIVIDEND_PAYOUT_TEST"
                }
            },
            "dependsOn": []
        },
        {
            "name": "[concat(parameters('factoryName'), '/SourceBlobDataset')]",
            "type": "Microsoft.DataFactory/factories/datasets",
            "apiVersion": "2018-06-01",
            "properties": {
                "linkedServiceName": {
                    "referenceName": "AzureStorageLinkedService",
                    "type": "LinkedServiceReference"
                },
                "annotations": [],
                "type": "DelimitedText",
                "typeProperties": {
                    "location": {
                        "type": "AzureBlobStorageLocation",
                        "fileName": "Dividend_Paid.csv",
                        "folderPath": "input ",
                        "container": "adftutorial"
                    },
                    "columnDelimiter": ",",
                    "escapeChar": "\\",
                    "firstRowAsHeader": true,
                    "quoteChar": "\""
                },
                "schema": [
                    {
                        "name": "Partner Name",
                        "type": "String"
                    },
                    {
                        "name": "XPUserCode",
                        "type": "String"
                    },
                    {
                        "name": "SQLPartnerCheck",
                        "type": "String"
                    },
                    {
                        "name": "Dividends Actuals YR 19 PD 20",
                        "type": "String"
                    },
                    {
                        "name": "Dividends Actuals YR 20 PD 21",
                        "type": "String"
                    },
                    {
                        "name": "Dividends Actuals YR 21 PD 22",
                        "type": "String"
                    },
                    {
                        "name": "Dividends Actuals YR 22 PD 23",
                        "type": "String"
                    }
                ]
            },
            "dependsOn": []
        },
        {
            "name": "[concat(parameters('factoryName'), '/Divedens')]",
            "type": "Microsoft.DataFactory/factories/datasets",
            "apiVersion": "2018-06-01",
            "properties": {
                "linkedServiceName": {
                    "referenceName": "AdviceworxSFTP",
                    "type": "LinkedServiceReference"
                },
                "annotations": [],
                "type": "DelimitedText",
                "typeProperties": {
                    "location": {
                        "type": "SftpLocation",
                        "fileName": "Dividend_Paid.csv",
                        "folderPath": "/AdviceworxSFTP/MIS_Team/Monthly Data Push To SQL"
                    },
                    "columnDelimiter": ",",
                    "escapeChar": "\\",
                    "firstRowAsHeader": true,
                    "quoteChar": "\""
                },
                "schema": [
                    {
                        "name": "Partner Name",
                        "type": "String"
                    },
                    {
                        "name": "XPUserCode",
                        "type": "String"
                    },
                    {
                        "name": "SQLPartnerCheck",
                        "type": "String"
                    },
                    {
                        "name": "Dividends Actuals YR 19 PD 20",
                        "type": "String"
                    },
                    {
                        "name": "Dividends Actuals YR 20 PD 21",
                        "type": "String"
                    },
                    {
                        "name": "Dividends Actuals YR 21 PD 22",
                        "type": "String"
                    },
                    {
                        "name": "Dividends Actuals YR 22 PD 23",
                        "type": "String"
                    }
                ]
            },
            "dependsOn": []
        },
        {
            "name": "[concat(parameters('factoryName'), '/DividedsSqlAzure')]",
            "type": "Microsoft.DataFactory/factories/datasets",
            "apiVersion": "2018-06-01",
            "properties": {
                "linkedServiceName": {
                    "referenceName": "DividensSqlLinkedService",
                    "type": "LinkedServiceReference"
                },
                "annotations": [],
                "type": "AzureSqlTable",
                "schema": [
                    {
                        "name": "PARTNER_NAME",
                        "type": "nvarchar"
                    },
                    {
                        "name": "XPUSERCODE",
                        "type": "int",
                        "precision": 10
                    },
                    {
                        "name": "SQLPARTNERCHECK",
                        "type": "int",
                        "precision": 10
                    },
                    {
                        "name": "Dividends Actuals YR 19 PD 20",
                        "type": "decimal",
                        "precision": 18,
                        "scale": 0
                    },
                    {
                        "name": "Dividends Actuals YR 20 PD 21",
                        "type": "decimal",
                        "precision": 18,
                        "scale": 0
                    },
                    {
                        "name": "Dividends Actuals YR 21 PD 22",
                        "type": "decimal",
                        "precision": 18,
                        "scale": 0
                    },
                    {
                        "name": "Dividends Actuals YR 22 PD 23",
                        "type": "decimal",
                        "precision": 18,
                        "scale": 0
                    }
                ],
                "typeProperties": {
                    "schema": "dbo",
                    "table": "DIVIDEND_PAYOUT_TEST"
                }
            },
            "dependsOn": []
        },
        {
            "name": "[concat(parameters('factoryName'), '/WealthMapSQLDev')]",
            "type": "Microsoft.DataFactory/factories/datasets",
            "apiVersion": "2018-06-01",
            "properties": {
                "linkedServiceName": {
                    "referenceName": "WealthMapSQLDev",
                    "type": "LinkedServiceReference"
                },
                "annotations": [],
                "type": "AzureSqlTable",
                "schema": [
                    {
                        "name": "XPUsercode",
                        "type": "int",
                        "precision": 10
                    },
                    {
                        "name": "EntityID",
                        "type": "nvarchar"
                    },
                    {
                        "name": "ModifiedDate",
                        "type": "datetime",
                        "precision": 23,
                        "scale": 3
                    },
                    {
                        "name": "MindMapSnapshot",
                        "type": "nvarchar"
                    },
                    {
                        "name": "ReportingDate",
                        "type": "date"
                    },
                    {
                        "name": "WealthMapUsage",
                        "type": "nvarchar"
                    }
                ],
                "typeProperties": {
                    "schema": "dbo",
                    "table": "WealthMapUsage"
                }
            },
            "dependsOn": []
        },
        {
            "name": "[concat(parameters('factoryName'), '/WealthMapData')]",
            "type": "Microsoft.DataFactory/factories/datasets",
            "apiVersion": "2018-06-01",
            "properties": {
                "linkedServiceName": {
                    "referenceName": "AdviceworxSFTPWealthMap",
                    "type": "LinkedServiceReference"
                },
                "annotations": [],
                "type": "DelimitedText",
                "typeProperties": {
                    "location": {
                        "type": "SftpLocation",
                        "fileName": "WealthMap.csv",
                        "folderPath": "/AdviceworxSFTP/CompassRepo"
                    },
                    "columnDelimiter": ",",
                    "escapeChar": "\"",
                    "firstRowAsHeader": true,
                    "quoteChar": "\""
                },
                "schema": [
                    {
                        "name": "XPUsercode",
                        "type": "String"
                    },
                    {
                        "name": "Partner",
                        "type": "String"
                    },
                    {
                        "name": "Entity Id",
                        "type": "String"
                    },
                    {
                        "name": "Entity Name",
                        "type": "String"
                    },
                    {
                        "name": "Entity Status",
                        "type": "String"
                    },
                    {
                        "name": "Mindmap Snapshot",
                        "type": "String"
                    },
                    {
                        "name": "Last Modified",
                        "type": "String"
                    }
                ]
            },
            "dependsOn": []
        },
        {
            "name": "[concat(parameters('factoryName'), '/DividensLinked')]",
            "type": "Microsoft.DataFactory/factories/datasets",
            "apiVersion": "2018-06-01",
            "properties": {
                "linkedServiceName": {
                    "referenceName": "AdviceworxSFTP",
                    "type": "LinkedServiceReference"
                },
                "annotations": [],
                "type": "DelimitedText",
                "typeProperties": {
                    "location": {
                        "type": "SftpLocation",
                        "fileName": "Dividend_Paid.csv",
                        "folderPath": "/AdviceworxSFTP/MIS_Team/Monthly Data Push To SQL"
                    },
                    "columnDelimiter": ",",
                    "escapeChar": "\\",
                    "firstRowAsHeader": true,
                    "quoteChar": "\""
                },
                "schema": [
                    {
                        "name": "Partner Name",
                        "type": "String"
                    },
                    {
                        "name": "XPUserCode",
                        "type": "String"
                    },
                    {
                        "name": "SQLPartnerCheck",
                        "type": "String"
                    },
                    {
                        "name": "Dividends Actuals YR 19 PD 20",
                        "type": "String"
                    },
                    {
                        "name": "Dividends Actuals YR 20 PD 21",
                        "type": "String"
                    },
                    {
                        "name": "Dividends Actuals YR 21 PD 22",
                        "type": "String"
                    },
                    {
                        "name": "Dividends Actuals YR 22 PD 23",
                        "type": "String"
                    }
                ]
            },
            "dependsOn": []
        },
        {
            "name": "[concat(parameters('factoryName'), '/Dividens_dataset')]",
            "type": "Microsoft.DataFactory/factories/datasets",
            "apiVersion": "2018-06-01",
            "properties": {
                "linkedServiceName": {
                    "referenceName": "DividensLinked",
                    "type": "LinkedServiceReference"
                },
                "annotations": [],
                "type": "AzureSqlTable",
                "schema": [
                    {
                        "name": "PARTNER_NAME",
                        "type": "nvarchar"
                    },
                    {
                        "name": "XPUSERCODE",
                        "type": "int",
                        "precision": 10
                    },
                    {
                        "name": "SQLPARTNERCHECK",
                        "type": "int",
                        "precision": 10
                    },
                    {
                        "name": "Dividends Actuals YR 19 PD 20",
                        "type": "decimal",
                        "precision": 18,
                        "scale": 0
                    },
                    {
                        "name": "Dividends Actuals YR 20 PD 21",
                        "type": "decimal",
                        "precision": 18,
                        "scale": 0
                    },
                    {
                        "name": "Dividends Actuals YR 21 PD 22",
                        "type": "decimal",
                        "precision": 18,
                        "scale": 0
                    },
                    {
                        "name": "Dividends Actuals YR 22 PD 23",
                        "type": "decimal",
                        "precision": 18,
                        "scale": 0
                    }
                ],
                "typeProperties": {
                    "schema": "dbo",
                    "table": "DIVIDEND_PAYOUT_TEST"
                }
            },
            "dependsOn": []
        },
        {
            "name": "[concat(parameters('factoryName'), '/Roadmap_AuA_Stg_Dataset')]",
            "type": "Microsoft.DataFactory/factories/datasets",
            "apiVersion": "2018-06-01",
            "properties": {
                "linkedServiceName": {
                    "referenceName": "AzureSqlSuspensetoPRD",
                    "type": "LinkedServiceReference"
                },
                "annotations": [],
                "type": "AzureSqlTable",
                "schema": [
                    {
                        "name": "Entity ID",
                        "type": "int",
                        "precision": 10
                    },
                    {
                        "name": "Partner Name",
                        "type": "nvarchar"
                    },
                    {
                        "name": "Start Date - PDB",
                        "type": "date"
                    },
                    {
                        "name": "1",
                        "type": "decimal",
                        "precision": 29,
                        "scale": 17
                    },
                    {
                        "name": "2",
                        "type": "decimal",
                        "precision": 29,
                        "scale": 17
                    },
                    {
                        "name": "3",
                        "type": "decimal",
                        "precision": 29,
                        "scale": 17
                    },
                    {
                        "name": "4",
                        "type": "decimal",
                        "precision": 29,
                        "scale": 17
                    },
                    {
                        "name": "5",
                        "type": "decimal",
                        "precision": 29,
                        "scale": 17
                    },
                    {
                        "name": "6",
                        "type": "decimal",
                        "precision": 29,
                        "scale": 17
                    },
                    {
                        "name": "7",
                        "type": "decimal",
                        "precision": 29,
                        "scale": 17
                    },
                    {
                        "name": "8",
                        "type": "decimal",
                        "precision": 29,
                        "scale": 17
                    },
                    {
                        "name": "9",
                        "type": "decimal",
                        "precision": 29,
                        "scale": 17
                    },
                    {
                        "name": "10",
                        "type": "decimal",
                        "precision": 29,
                        "scale": 17
                    },
                    {
                        "name": "11",
                        "type": "decimal",
                        "precision": 29,
                        "scale": 17
                    },
                    {
                        "name": "12",
                        "type": "decimal",
                        "precision": 29,
                        "scale": 17
                    }
                ],
                "typeProperties": {
                    "schema": "dbo",
                    "table": "Roadmap_AuA"
                }
            },
            "dependsOn": []
        },
        {
            "name": "[concat(parameters('factoryName'), '/Roadmap_AuA_DevDataset')]",
            "type": "Microsoft.DataFactory/factories/datasets",
            "apiVersion": "2018-06-01",
            "properties": {
                "linkedServiceName": {
                    "referenceName": "AzureSqlSuspense",
                    "type": "LinkedServiceReference"
                },
                "annotations": [],
                "type": "AzureSqlTable",
                "schema": [
                    {
                        "name": "Entity ID",
                        "type": "int",
                        "precision": 10
                    },
                    {
                        "name": "Partner Name",
                        "type": "nvarchar"
                    },
                    {
                        "name": "Start Date - PDB",
                        "type": "date"
                    },
                    {
                        "name": "1",
                        "type": "decimal",
                        "precision": 29,
                        "scale": 17
                    },
                    {
                        "name": "2",
                        "type": "decimal",
                        "precision": 29,
                        "scale": 17
                    },
                    {
                        "name": "3",
                        "type": "decimal",
                        "precision": 29,
                        "scale": 17
                    },
                    {
                        "name": "4",
                        "type": "decimal",
                        "precision": 29,
                        "scale": 17
                    },
                    {
                        "name": "5",
                        "type": "decimal",
                        "precision": 29,
                        "scale": 17
                    },
                    {
                        "name": "6",
                        "type": "decimal",
                        "precision": 29,
                        "scale": 17
                    },
                    {
                        "name": "7",
                        "type": "decimal",
                        "precision": 29,
                        "scale": 17
                    },
                    {
                        "name": "8",
                        "type": "decimal",
                        "precision": 29,
                        "scale": 17
                    },
                    {
                        "name": "9",
                        "type": "decimal",
                        "precision": 29,
                        "scale": 17
                    },
                    {
                        "name": "10",
                        "type": "decimal",
                        "precision": 29,
                        "scale": 17
                    },
                    {
                        "name": "11",
                        "type": "decimal",
                        "precision": 29,
                        "scale": 17
                    },
                    {
                        "name": "12",
                        "type": "decimal",
                        "precision": 29,
                        "scale": 17
                    }
                ],
                "typeProperties": {
                    "schema": "dbo",
                    "table": "Roadmap_AuA"
                }
            },
            "dependsOn": []
        },
        {
            "name": "[concat(parameters('factoryName'), '/Roadmap_EarningsDevDataset')]",
            "type": "Microsoft.DataFactory/factories/datasets",
            "apiVersion": "2018-06-01",
            "properties": {
                "linkedServiceName": {
                    "referenceName": "AzureSqlSuspense",
                    "type": "LinkedServiceReference"
                },
                "annotations": [],
                "type": "AzureSqlTable",
                "schema": [
                    {
                        "name": "Entity ID",
                        "type": "int",
                        "precision": 10
                    },
                    {
                        "name": "Partner Name",
                        "type": "nvarchar"
                    },
                    {
                        "name": "Start Date - PDB",
                        "type": "date"
                    },
                    {
                        "name": "1",
                        "type": "decimal",
                        "precision": 29,
                        "scale": 17
                    },
                    {
                        "name": "2",
                        "type": "decimal",
                        "precision": 29,
                        "scale": 17
                    },
                    {
                        "name": "3",
                        "type": "decimal",
                        "precision": 29,
                        "scale": 17
                    },
                    {
                        "name": "4",
                        "type": "decimal",
                        "precision": 29,
                        "scale": 17
                    },
                    {
                        "name": "5",
                        "type": "decimal",
                        "precision": 29,
                        "scale": 17
                    },
                    {
                        "name": "6",
                        "type": "decimal",
                        "precision": 29,
                        "scale": 17
                    },
                    {
                        "name": "7",
                        "type": "decimal",
                        "precision": 29,
                        "scale": 17
                    },
                    {
                        "name": "8",
                        "type": "decimal",
                        "precision": 29,
                        "scale": 17
                    },
                    {
                        "name": "9",
                        "type": "decimal",
                        "precision": 29,
                        "scale": 17
                    },
                    {
                        "name": "10",
                        "type": "decimal",
                        "precision": 29,
                        "scale": 17
                    },
                    {
                        "name": "11",
                        "type": "decimal",
                        "precision": 29,
                        "scale": 17
                    },
                    {
                        "name": "12",
                        "type": "decimal",
                        "precision": 29,
                        "scale": 17
                    }
                ],
                "typeProperties": {
                    "schema": "dbo",
                    "table": "Roadmap_Earnings"
                }
            },
            "dependsOn": []
        },
        {
            "name": "[concat(parameters('factoryName'), '/Roadmap_EarningsStgDataset')]",
            "type": "Microsoft.DataFactory/factories/datasets",
            "apiVersion": "2018-06-01",
            "properties": {
                "linkedServiceName": {
                    "referenceName": "AzureSqlSuspensetoPRD",
                    "type": "LinkedServiceReference"
                },
                "annotations": [],
                "type": "AzureSqlTable",
                "schema": [
                    {
                        "name": "Entity ID",
                        "type": "int",
                        "precision": 10
                    },
                    {
                        "name": "Partner Name",
                        "type": "nvarchar"
                    },
                    {
                        "name": "Start Date - PDB",
                        "type": "date"
                    },
                    {
                        "name": "1",
                        "type": "decimal",
                        "precision": 29,
                        "scale": 17
                    },
                    {
                        "name": "2",
                        "type": "decimal",
                        "precision": 29,
                        "scale": 17
                    },
                    {
                        "name": "3",
                        "type": "decimal",
                        "precision": 29,
                        "scale": 17
                    },
                    {
                        "name": "4",
                        "type": "decimal",
                        "precision": 29,
                        "scale": 17
                    },
                    {
                        "name": "5",
                        "type": "decimal",
                        "precision": 29,
                        "scale": 17
                    },
                    {
                        "name": "6",
                        "type": "decimal",
                        "precision": 29,
                        "scale": 17
                    },
                    {
                        "name": "7",
                        "type": "decimal",
                        "precision": 29,
                        "scale": 17
                    },
                    {
                        "name": "8",
                        "type": "decimal",
                        "precision": 29,
                        "scale": 17
                    },
                    {
                        "name": "9",
                        "type": "decimal",
                        "precision": 29,
                        "scale": 17
                    },
                    {
                        "name": "10",
                        "type": "decimal",
                        "precision": 29,
                        "scale": 17
                    },
                    {
                        "name": "11",
                        "type": "decimal",
                        "precision": 29,
                        "scale": 17
                    },
                    {
                        "name": "12",
                        "type": "decimal",
                        "precision": 29,
                        "scale": 17
                    }
                ],
                "typeProperties": {
                    "schema": "dbo",
                    "table": "Roadmap_Earnings"
                }
            },
            "dependsOn": []
        },
        {
            "name": "[concat(parameters('factoryName'), '/Roadmap_Endorsed_SolutionsDevDataset')]",
            "type": "Microsoft.DataFactory/factories/datasets",
            "apiVersion": "2018-06-01",
            "properties": {
                "linkedServiceName": {
                    "referenceName": "AzureSqlSuspense",
                    "type": "LinkedServiceReference"
                },
                "annotations": [],
                "type": "AzureSqlTable",
                "schema": [
                    {
                        "name": "Entity ID",
                        "type": "int",
                        "precision": 10
                    },
                    {
                        "name": "Partner Name",
                        "type": "nvarchar"
                    },
                    {
                        "name": "Start Date - PDB",
                        "type": "date"
                    },
                    {
                        "name": "1",
                        "type": "decimal",
                        "precision": 29,
                        "scale": 17
                    },
                    {
                        "name": "2",
                        "type": "decimal",
                        "precision": 29,
                        "scale": 17
                    },
                    {
                        "name": "3",
                        "type": "decimal",
                        "precision": 29,
                        "scale": 17
                    },
                    {
                        "name": "4",
                        "type": "decimal",
                        "precision": 29,
                        "scale": 17
                    },
                    {
                        "name": "5",
                        "type": "decimal",
                        "precision": 29,
                        "scale": 17
                    },
                    {
                        "name": "6",
                        "type": "decimal",
                        "precision": 29,
                        "scale": 17
                    },
                    {
                        "name": "7",
                        "type": "decimal",
                        "precision": 29,
                        "scale": 17
                    },
                    {
                        "name": "8",
                        "type": "decimal",
                        "precision": 29,
                        "scale": 17
                    },
                    {
                        "name": "9",
                        "type": "decimal",
                        "precision": 29,
                        "scale": 17
                    },
                    {
                        "name": "10",
                        "type": "decimal",
                        "precision": 29,
                        "scale": 17
                    },
                    {
                        "name": "11",
                        "type": "decimal",
                        "precision": 29,
                        "scale": 17
                    },
                    {
                        "name": "12",
                        "type": "decimal",
                        "precision": 29,
                        "scale": 17
                    }
                ],
                "typeProperties": {
                    "schema": "dbo",
                    "table": "Roadmap_Endorsed_Solutions"
                }
            },
            "dependsOn": []
        },
        {
            "name": "[concat(parameters('factoryName'), '/Roadmap_Endorsed_SolutionsStgDataset')]",
            "type": "Microsoft.DataFactory/factories/datasets",
            "apiVersion": "2018-06-01",
            "properties": {
                "linkedServiceName": {
                    "referenceName": "AzureSuspenseToPRD",
                    "type": "LinkedServiceReference"
                },
                "annotations": [],
                "type": "AzureSqlTable",
                "schema": [
                    {
                        "name": "Entity ID",
                        "type": "int",
                        "precision": 10
                    },
                    {
                        "name": "Partner Name",
                        "type": "nvarchar"
                    },
                    {
                        "name": "Start Date - PDB",
                        "type": "date"
                    },
                    {
                        "name": "1",
                        "type": "decimal",
                        "precision": 29,
                        "scale": 17
                    },
                    {
                        "name": "2",
                        "type": "decimal",
                        "precision": 29,
                        "scale": 17
                    },
                    {
                        "name": "3",
                        "type": "decimal",
                        "precision": 29,
                        "scale": 17
                    },
                    {
                        "name": "4",
                        "type": "decimal",
                        "precision": 29,
                        "scale": 17
                    },
                    {
                        "name": "5",
                        "type": "decimal",
                        "precision": 29,
                        "scale": 17
                    },
                    {
                        "name": "6",
                        "type": "decimal",
                        "precision": 29,
                        "scale": 17
                    },
                    {
                        "name": "7",
                        "type": "decimal",
                        "precision": 29,
                        "scale": 17
                    },
                    {
                        "name": "8",
                        "type": "decimal",
                        "precision": 29,
                        "scale": 17
                    },
                    {
                        "name": "9",
                        "type": "decimal",
                        "precision": 29,
                        "scale": 17
                    },
                    {
                        "name": "10",
                        "type": "decimal",
                        "precision": 29,
                        "scale": 17
                    },
                    {
                        "name": "11",
                        "type": "decimal",
                        "precision": 29,
                        "scale": 17
                    },
                    {
                        "name": "12",
                        "type": "decimal",
                        "precision": 29,
                        "scale": 17
                    }
                ],
                "typeProperties": {
                    "schema": "dbo",
                    "table": "Roadmap_Endorsed_Solutions"
                }
            },
            "dependsOn": []
        }
    ]
}