{
    "$schema": "http://schema.management.azure.com/schemas/2015-01-01/deploymentTemplate.json#",
    "contentVersion": "1.0.0.0",
    "parameters": {
        "factoryName": {
            "type": "string",
            "metadata": "Data Factory name",
            "defaultValue": "CompassAPICalls"
        }
    },
    "variables": {
        "factoryId": "[concat('Microsoft.DataFactory/factories/', parameters('factoryName'))]"
    },
    "resources": [
        {
            "name": "[concat(parameters('factoryName'), '/IntegrationStatsQVOutput30042023')]",
            "type": "Microsoft.DataFactory/factories/datasets",
            "apiVersion": "2018-06-01",
            "properties": {
                "linkedServiceName": {
                    "referenceName": "AdviceworxSFTP",
                    "type": "LinkedServiceReference"
                },
                "annotations": [],
                "type": "DelimitedText",
                "typeProperties": {
                    "location": {
                        "type": "SftpLocation",
                        "fileName": "IntegrationsOct24.csv",
                        "folderPath": "/AdviceworxSFTP/MIS_Team/Monthly Data Push To SQL"
                    },
                    "columnDelimiter": ",",
                    "escapeChar": "\\",
                    "firstRowAsHeader": true,
                    "quoteChar": "\""
                },
                "schema": [
                    {
                        "name": "DATEDATEMONTH",
                        "type": "String"
                    },
                    {
                        "name": "XPUSERCODE",
                        "type": "String"
                    },
                    {
                        "name": "SQL_PARTNER_CHECK",
                        "type": "String"
                    },
                    {
                        "name": "NAME_AND_SURNAME",
                        "type": "String"
                    },
                    {
                        "name": "INTEGRATIONSSTRATEGY",
                        "type": "String"
                    },
                    {
                        "name": "INTEGRATIONSENTITYID",
                        "type": "String"
                    },
                    {
                        "name": "WI_USAGE7",
                        "type": "String"
                    },
                    {
                        "name": "xPlan Imports Usage",
                        "type": "String"
                    },
                    {
                        "name": "PGP Usage",
                        "type": "String"
                    }
                ]
            },
            "dependsOn": []
        },
        {
            "name": "[concat(parameters('factoryName'), '/IntegrationStatsDevSQL')]",
            "type": "Microsoft.DataFactory/factories/datasets",
            "apiVersion": "2018-06-01",
            "properties": {
                "linkedServiceName": {
                    "referenceName": "DevSQLNew30042024",
                    "type": "LinkedServiceReference"
                },
                "annotations": [],
                "type": "AzureSqlTable",
                "schema": [
                    {
                        "name": "DATEDATEMONTH",
                        "type": "date"
                    },
                    {
                        "name": "XPUSERCODE",
                        "type": "int",
                        "precision": 10
                    },
                    {
                        "name": "SQL_PARTNER_CHECK",
                        "type": "int",
                        "precision": 10
                    },
                    {
                        "name": "NAME_AND_SURNAME",
                        "type": "nvarchar"
                    },
                    {
                        "name": "INTEGRATIONSSTRATEGY",
                        "type": "nvarchar"
                    },
                    {
                        "name": "INTEGRATIONSENTITYID",
                        "type": "nvarchar"
                    },
                    {
                        "name": "WI_USAGE7",
                        "type": "int",
                        "precision": 10
                    },
                    {
                        "name": "xPlan_Imports_Usage",
                        "type": "int",
                        "precision": 10
                    },
                    {
                        "name": "PGP_Usage",
                        "type": "int",
                        "precision": 10
                    }
                ],
                "typeProperties": {
                    "schema": "dbo",
                    "table": "INTEGRATION_STATS"
                }
            },
            "dependsOn": []
        },
        {
            "name": "[concat(parameters('factoryName'), '/PEPDevSQL')]",
            "type": "Microsoft.DataFactory/factories/datasets",
            "apiVersion": "2018-06-01",
            "properties": {
                "linkedServiceName": {
                    "referenceName": "DevSQLNew30042024",
                    "type": "LinkedServiceReference"
                },
                "annotations": [],
                "type": "AzureSqlTable",
                "schema": [],
                "typeProperties": {
                    "schema": "dbo",
                    "table": "PRACTISE_VALUATION_CONTRACTUAL_COMMITMENT"
                }
            },
            "dependsOn": []
        },
        {
            "name": "[concat(parameters('factoryName'), '/PEPQVOutput30042024')]",
            "type": "Microsoft.DataFactory/factories/datasets",
            "apiVersion": "2018-06-01",
            "properties": {
                "linkedServiceName": {
                    "referenceName": "AdviceworxSFTP",
                    "type": "LinkedServiceReference"
                },
                "annotations": [],
                "type": "DelimitedText",
                "typeProperties": {
                    "location": {
                        "type": "SftpLocation",
                        "fileName": "PEP.csv",
                        "folderPath": "/AdviceworxSFTP/MIS_Team/Monthly Data Push To SQL"
                    },
                    "columnDelimiter": ",",
                    "escapeChar": "\\",
                    "firstRowAsHeader": true,
                    "quoteChar": "\""
                },
                "schema": [
                    {
                        "name": "Partner Name",
                        "type": "String"
                    },
                    {
                        "name": "XPUserCode",
                        "type": "String"
                    },
                    {
                        "name": "SQLPartnerCheck",
                        "type": "String"
                    },
                    {
                        "name": "Tenure",
                        "type": "String"
                    },
                    {
                        "name": "Current",
                        "type": "String"
                    },
                    {
                        "name": "Projected",
                        "type": "String"
                    }
                ]
            },
            "dependsOn": []
        },
        {
            "name": "[concat(parameters('factoryName'), '/PEPStgSQL')]",
            "type": "Microsoft.DataFactory/factories/datasets",
            "apiVersion": "2018-06-01",
            "properties": {
                "linkedServiceName": {
                    "referenceName": "StgSQLNew30042024",
                    "type": "LinkedServiceReference"
                },
                "annotations": [],
                "type": "AzureSqlTable",
                "schema": [],
                "typeProperties": {
                    "schema": "dbo",
                    "table": "PRACTISE_VALUATION_CONTRACTUAL_COMMITMENT"
                }
            },
            "dependsOn": []
        },
        {
            "name": "[concat(parameters('factoryName'), '/DeathDisabilityQVOutput30042024')]",
            "type": "Microsoft.DataFactory/factories/datasets",
            "apiVersion": "2018-06-01",
            "properties": {
                "linkedServiceName": {
                    "referenceName": "AdviceworxSFTP",
                    "type": "LinkedServiceReference"
                },
                "annotations": [],
                "type": "DelimitedText",
                "typeProperties": {
                    "location": {
                        "type": "SftpLocation",
                        "fileName": "D&D.csv",
                        "folderPath": "/AdviceworxSFTP/MIS_Team/Monthly Data Push To SQL"
                    },
                    "columnDelimiter": ",",
                    "escapeChar": "\\",
                    "firstRowAsHeader": true,
                    "quoteChar": "\""
                },
                "schema": [
                    {
                        "name": "XPUSERCODE",
                        "type": "String"
                    },
                    {
                        "name": "Partner Name",
                        "type": "String"
                    },
                    {
                        "name": "Start Date",
                        "type": "String"
                    },
                    {
                        "name": "Tenure Yrs",
                        "type": "String"
                    },
                    {
                        "name": "12 Month Ongoing Earnings",
                        "type": "String"
                    },
                    {
                        "name": "Months",
                        "type": "String"
                    }
                ]
            },
            "dependsOn": []
        },
        {
            "name": "[concat(parameters('factoryName'), '/DeathDisabilityDevSQL')]",
            "type": "Microsoft.DataFactory/factories/datasets",
            "apiVersion": "2018-06-01",
            "properties": {
                "linkedServiceName": {
                    "referenceName": "DevSQLNew30042024",
                    "type": "LinkedServiceReference"
                },
                "annotations": [],
                "type": "AzureSqlTable",
                "schema": [
                    {
                        "name": "XPUSERCODE",
                        "type": "int",
                        "precision": 10
                    },
                    {
                        "name": "Partner Name",
                        "type": "nvarchar"
                    },
                    {
                        "name": "Start Date",
                        "type": "date"
                    },
                    {
                        "name": "Tenure Years",
                        "type": "int",
                        "precision": 10
                    },
                    {
                        "name": "12 Month Ongoing Earnings",
                        "type": "int",
                        "precision": 10
                    },
                    {
                        "name": "Months",
                        "type": "int",
                        "precision": 10
                    }
                ],
                "typeProperties": {
                    "schema": "dbo",
                    "table": "Death Disability"
                }
            },
            "dependsOn": []
        },
        {
            "name": "[concat(parameters('factoryName'), '/DeathDisabilityStgSQL')]",
            "type": "Microsoft.DataFactory/factories/datasets",
            "apiVersion": "2018-06-01",
            "properties": {
                "linkedServiceName": {
                    "referenceName": "StgSQLNew30042024",
                    "type": "LinkedServiceReference"
                },
                "annotations": [],
                "type": "AzureSqlTable",
                "schema": [
                    {
                        "name": "XPUSERCODE",
                        "type": "int",
                        "precision": 10
                    },
                    {
                        "name": "Partner Name",
                        "type": "nvarchar"
                    },
                    {
                        "name": "Start Date",
                        "type": "date"
                    },
                    {
                        "name": "Tenure Years",
                        "type": "int",
                        "precision": 10
                    },
                    {
                        "name": "12 Month Ongoing Earnings",
                        "type": "int",
                        "precision": 10
                    },
                    {
                        "name": "Months",
                        "type": "int",
                        "precision": 10
                    }
                ],
                "typeProperties": {
                    "schema": "dbo",
                    "table": "Death Disability"
                }
            },
            "dependsOn": []
        },
        {
            "name": "[concat(parameters('factoryName'), '/LodgementsQVOutput30042024')]",
            "type": "Microsoft.DataFactory/factories/datasets",
            "apiVersion": "2018-06-01",
            "properties": {
                "linkedServiceName": {
                    "referenceName": "AdviceworxSFTP",
                    "type": "LinkedServiceReference"
                },
                "annotations": [],
                "type": "DelimitedText",
                "typeProperties": {
                    "location": {
                        "type": "SftpLocation",
                        "fileName": "LodgementOct24.csv",
                        "folderPath": "/AdviceworxSFTP/MIS_Team/Monthly Data Push To SQL"
                    },
                    "columnDelimiter": ",",
                    "escapeChar": "\\",
                    "firstRowAsHeader": true,
                    "quoteChar": "\""
                },
                "schema": [
                    {
                        "name": "LodgementKey",
                        "type": "String"
                    },
                    {
                        "name": "MaxDate",
                        "type": "String"
                    },
                    {
                        "name": "Entity Id",
                        "type": "String"
                    },
                    {
                        "name": "ClientName",
                        "type": "String"
                    },
                    {
                        "name": "Partner",
                        "type": "String"
                    },
                    {
                        "name": "XPUserCode",
                        "type": "String"
                    },
                    {
                        "name": "SQL Partner Check",
                        "type": "String"
                    },
                    {
                        "name": "Strategy",
                        "type": "String"
                    },
                    {
                        "name": "Adviceworx Solutions (%)",
                        "type": "String"
                    },
                    {
                        "name": "PCS Solutions (%)",
                        "type": "String"
                    },
                    {
                        "name": "Endorsed Solutions (%)",
                        "type": "String"
                    },
                    {
                        "name": "Other Solutions (%)",
                        "type": "String"
                    },
                    {
                        "name": "Case Name",
                        "type": "String"
                    },
                    {
                        "name": "Created Date",
                        "type": "String"
                    },
                    {
                        "name": "DateMonth",
                        "type": "String"
                    },
                    {
                        "name": "Frequency",
                        "type": "String"
                    },
                    {
                        "name": "DateMax",
                        "type": "String"
                    },
                    {
                        "name": "Endorsed Advice – Focused (PGP)",
                        "type": "String"
                    },
                    {
                        "name": "Endorsed Advice – Lifestyle (LWDP)",
                        "type": "String"
                    },
                    {
                        "name": "Parter Directed Advice",
                        "type": "String"
                    }
                ]
            },
            "dependsOn": []
        },
        {
            "name": "[concat(parameters('factoryName'), '/LodgementsDevSQL')]",
            "type": "Microsoft.DataFactory/factories/datasets",
            "apiVersion": "2018-06-01",
            "properties": {
                "linkedServiceName": {
                    "referenceName": "DevSQLNew30042024",
                    "type": "LinkedServiceReference"
                },
                "annotations": [],
                "type": "AzureSqlTable",
                "schema": [
                    {
                        "name": "Entity Id",
                        "type": "int",
                        "precision": 10
                    },
                    {
                        "name": "ClientName",
                        "type": "nvarchar"
                    },
                    {
                        "name": "Partner",
                        "type": "nvarchar"
                    },
                    {
                        "name": "XPUserCode",
                        "type": "int",
                        "precision": 10
                    },
                    {
                        "name": "Endorsed Advice – Focused",
                        "type": "int",
                        "precision": 10
                    },
                    {
                        "name": "Endorsed Advice – Lifestyle",
                        "type": "int",
                        "precision": 10
                    },
                    {
                        "name": "Parter Directed Advice",
                        "type": "int",
                        "precision": 10
                    },
                    {
                        "name": "DateMonth",
                        "type": "date"
                    }
                ],
                "typeProperties": {
                    "schema": "dbo",
                    "table": "Lodgement"
                }
            },
            "dependsOn": []
        },
        {
            "name": "[concat(parameters('factoryName'), '/LodgementsStgSQL')]",
            "type": "Microsoft.DataFactory/factories/datasets",
            "apiVersion": "2018-06-01",
            "properties": {
                "linkedServiceName": {
                    "referenceName": "StgSQLNew30042024",
                    "type": "LinkedServiceReference"
                },
                "annotations": [],
                "type": "AzureSqlTable",
                "schema": [
                    {
                        "name": "Entity Id",
                        "type": "int",
                        "precision": 10
                    },
                    {
                        "name": "ClientName",
                        "type": "nvarchar"
                    },
                    {
                        "name": "Partner",
                        "type": "nvarchar"
                    },
                    {
                        "name": "XPUserCode",
                        "type": "int",
                        "precision": 10
                    },
                    {
                        "name": "Endorsed Advice – Focused",
                        "type": "int",
                        "precision": 10
                    },
                    {
                        "name": "Endorsed Advice – Lifestyle",
                        "type": "int",
                        "precision": 10
                    },
                    {
                        "name": "Parter Directed Advice",
                        "type": "int",
                        "precision": 10
                    },
                    {
                        "name": "DateMonth",
                        "type": "date"
                    }
                ],
                "typeProperties": {
                    "schema": "dbo",
                    "table": "Lodgement"
                }
            },
            "dependsOn": []
        },
        {
            "name": "[concat(parameters('factoryName'), '/StrategiesDevSQL')]",
            "type": "Microsoft.DataFactory/factories/datasets",
            "apiVersion": "2018-06-01",
            "properties": {
                "linkedServiceName": {
                    "referenceName": "DevSQLNew30042024",
                    "type": "LinkedServiceReference"
                },
                "annotations": [],
                "type": "AzureSqlTable",
                "schema": [
                    {
                        "name": "XPUSERCODE",
                        "type": "int",
                        "precision": 10
                    },
                    {
                        "name": "Advice Tool",
                        "type": "nvarchar"
                    },
                    {
                        "name": "PlannerGroupName",
                        "type": "nvarchar"
                    },
                    {
                        "name": "AdvisorCode",
                        "type": "int",
                        "precision": 10
                    },
                    {
                        "name": "SQL_PARTNER_CHECK",
                        "type": "int",
                        "precision": 10
                    },
                    {
                        "name": "PlannerName",
                        "type": "nvarchar"
                    },
                    {
                        "name": "NAME_AND_SURNAME",
                        "type": "int",
                        "precision": 10
                    },
                    {
                        "name": "WPClientNo",
                        "type": "int",
                        "precision": 10
                    },
                    {
                        "name": "INTEGRATIONSENTITYID",
                        "type": "int",
                        "precision": 10
                    },
                    {
                        "name": "Client Name",
                        "type": "nvarchar"
                    },
                    {
                        "name": "Concat1",
                        "type": "nvarchar"
                    },
                    {
                        "name": "lookup",
                        "type": "nvarchar"
                    },
                    {
                        "name": "IDNumber or DoB",
                        "type": "nvarchar"
                    },
                    {
                        "name": "Scenario Name",
                        "type": "nvarchar"
                    },
                    {
                        "name": "Scenario Planning Type",
                        "type": "nvarchar"
                    },
                    {
                        "name": "INTEGRATIONSSTRATEGY",
                        "type": "nvarchar"
                    },
                    {
                        "name": "Post-Retirement Strategy Name",
                        "type": "nvarchar"
                    },
                    {
                        "name": "DATEDATEMONTH",
                        "type": "date"
                    },
                    {
                        "name": "Retirement Age",
                        "type": "int",
                        "precision": 10
                    },
                    {
                        "name": "Age",
                        "type": "int",
                        "precision": 10
                    },
                    {
                        "name": "PGP Usage",
                        "type": "int",
                        "precision": 10
                    },
                    {
                        "name": "Wealth Integ Usage",
                        "type": "int",
                        "precision": 10
                    },
                    {
                        "name": "xPlan Imports Usage",
                        "type": "int",
                        "precision": 10
                    }
                ],
                "typeProperties": {
                    "schema": "dbo",
                    "table": "Strategies"
                }
            },
            "dependsOn": []
        },
        {
            "name": "[concat(parameters('factoryName'), '/StrategiesQVOutput30042024')]",
            "type": "Microsoft.DataFactory/factories/datasets",
            "apiVersion": "2018-06-01",
            "properties": {
                "linkedServiceName": {
                    "referenceName": "AdviceworxSFTP",
                    "type": "LinkedServiceReference"
                },
                "annotations": [],
                "type": "Excel",
                "typeProperties": {
                    "sheetName": "NAV",
                    "location": {
                        "type": "SftpLocation",
                        "fileName": "Planned Strategies Oct'24.xlsx",
                        "folderPath": "/AdviceworxSFTP/MIS_Team/Monthly Data Push To SQL"
                    },
                    "firstRowAsHeader": true
                },
                "schema": [
                    {
                        "name": "XPUSERCODE",
                        "type": "String"
                    },
                    {
                        "name": "Advice Tool",
                        "type": "String"
                    },
                    {
                        "name": "PlannerGroupName",
                        "type": "String"
                    },
                    {
                        "name": "AdvisorCode",
                        "type": "String"
                    },
                    {
                        "name": "SQL_PARTNER_CHECK",
                        "type": "String"
                    },
                    {
                        "name": "PlannerName - Original",
                        "type": "String"
                    },
                    {
                        "name": "PlannerName ",
                        "type": "String"
                    },
                    {
                        "name": "Designation",
                        "type": "String"
                    },
                    {
                        "name": "Primary Advisory Status",
                        "type": "String"
                    },
                    {
                        "name": "NAME_AND_SURNAME",
                        "type": "String"
                    },
                    {
                        "name": "WPClientNo",
                        "type": "String"
                    },
                    {
                        "name": "INTEGRATIONSENTITYID",
                        "type": "String"
                    },
                    {
                        "name": "ClientName - Original",
                        "type": "String"
                    },
                    {
                        "name": "ClientName",
                        "type": "String"
                    },
                    {
                        "name": "Concat1",
                        "type": "String"
                    },
                    {
                        "name": "lookup",
                        "type": "String"
                    },
                    {
                        "name": "IDNumber or DoB",
                        "type": "String"
                    },
                    {
                        "name": "Scenario Name",
                        "type": "String"
                    },
                    {
                        "name": "Scenario Planning Type",
                        "type": "String"
                    },
                    {
                        "name": "INTEGRATIONSSTRATEGY",
                        "type": "String"
                    },
                    {
                        "name": "Post-Retirement Strategy Name",
                        "type": "String"
                    },
                    {
                        "name": "DATEDATEMONTH",
                        "type": "String"
                    },
                    {
                        "name": "Retirement Age",
                        "type": "String"
                    },
                    {
                        "name": "Age",
                        "type": "String"
                    },
                    {
                        "name": "PGP Usage",
                        "type": "String"
                    },
                    {
                        "name": "Wealth Integ Usage",
                        "type": "String"
                    },
                    {
                        "name": "xPlan Imports Usage",
                        "type": "String"
                    }
                ]
            },
            "dependsOn": []
        },
        {
            "name": "[concat(parameters('factoryName'), '/StrategiesStgSQL')]",
            "type": "Microsoft.DataFactory/factories/datasets",
            "apiVersion": "2018-06-01",
            "properties": {
                "linkedServiceName": {
                    "referenceName": "StgSQLNew30042024",
                    "type": "LinkedServiceReference"
                },
                "annotations": [],
                "type": "AzureSqlTable",
                "schema": [
                    {
                        "name": "XPUSERCODE",
                        "type": "int",
                        "precision": 10
                    },
                    {
                        "name": "Advice Tool",
                        "type": "nvarchar"
                    },
                    {
                        "name": "PlannerGroupName",
                        "type": "nvarchar"
                    },
                    {
                        "name": "AdvisorCode",
                        "type": "int",
                        "precision": 10
                    },
                    {
                        "name": "SQL_PARTNER_CHECK",
                        "type": "int",
                        "precision": 10
                    },
                    {
                        "name": "PlannerName",
                        "type": "nvarchar"
                    },
                    {
                        "name": "NAME_AND_SURNAME",
                        "type": "int",
                        "precision": 10
                    },
                    {
                        "name": "WPClientNo",
                        "type": "int",
                        "precision": 10
                    },
                    {
                        "name": "INTEGRATIONSENTITYID",
                        "type": "int",
                        "precision": 10
                    },
                    {
                        "name": "Client Name",
                        "type": "nvarchar"
                    },
                    {
                        "name": "Concat1",
                        "type": "nvarchar"
                    },
                    {
                        "name": "lookup",
                        "type": "nvarchar"
                    },
                    {
                        "name": "IDNumber or DoB",
                        "type": "nvarchar"
                    },
                    {
                        "name": "Scenario Name",
                        "type": "nvarchar"
                    },
                    {
                        "name": "Scenario Planning Type",
                        "type": "nvarchar"
                    },
                    {
                        "name": "INTEGRATIONSSTRATEGY",
                        "type": "nvarchar"
                    },
                    {
                        "name": "Post-Retirement Strategy Name",
                        "type": "nvarchar"
                    },
                    {
                        "name": "DATEDATEMONTH",
                        "type": "date"
                    },
                    {
                        "name": "Retirement Age",
                        "type": "int",
                        "precision": 10
                    },
                    {
                        "name": "Age",
                        "type": "int",
                        "precision": 10
                    },
                    {
                        "name": "PGP Usage",
                        "type": "int",
                        "precision": 10
                    },
                    {
                        "name": "Wealth Integ Usage",
                        "type": "int",
                        "precision": 10
                    },
                    {
                        "name": "xPlan Imports Usage",
                        "type": "int",
                        "precision": 10
                    }
                ],
                "typeProperties": {
                    "schema": "dbo",
                    "table": "Strategies"
                }
            },
            "dependsOn": []
        },
        {
            "name": "[concat(parameters('factoryName'), '/RoadmapAuADevSQL')]",
            "type": "Microsoft.DataFactory/factories/datasets",
            "apiVersion": "2018-06-01",
            "properties": {
                "linkedServiceName": {
                    "referenceName": "DevSQLNew30042024",
                    "type": "LinkedServiceReference"
                },
                "annotations": [],
                "type": "AzureSqlTable",
                "schema": [
                    {
                        "name": "Entity ID",
                        "type": "int",
                        "precision": 10
                    },
                    {
                        "name": "Partner Name",
                        "type": "nvarchar"
                    },
                    {
                        "name": "Start Date - PDB",
                        "type": "date"
                    },
                    {
                        "name": "1",
                        "type": "decimal",
                        "precision": 29,
                        "scale": 17
                    },
                    {
                        "name": "2",
                        "type": "decimal",
                        "precision": 29,
                        "scale": 17
                    },
                    {
                        "name": "3",
                        "type": "decimal",
                        "precision": 29,
                        "scale": 17
                    },
                    {
                        "name": "4",
                        "type": "decimal",
                        "precision": 29,
                        "scale": 17
                    },
                    {
                        "name": "5",
                        "type": "decimal",
                        "precision": 29,
                        "scale": 17
                    },
                    {
                        "name": "6",
                        "type": "decimal",
                        "precision": 29,
                        "scale": 17
                    },
                    {
                        "name": "7",
                        "type": "decimal",
                        "precision": 29,
                        "scale": 17
                    },
                    {
                        "name": "8",
                        "type": "decimal",
                        "precision": 29,
                        "scale": 17
                    },
                    {
                        "name": "9",
                        "type": "decimal",
                        "precision": 29,
                        "scale": 17
                    },
                    {
                        "name": "10",
                        "type": "decimal",
                        "precision": 29,
                        "scale": 17
                    },
                    {
                        "name": "11",
                        "type": "decimal",
                        "precision": 29,
                        "scale": 17
                    },
                    {
                        "name": "12",
                        "type": "decimal",
                        "precision": 29,
                        "scale": 17
                    }
                ],
                "typeProperties": {
                    "schema": "dbo",
                    "table": "Roadmap_AuA"
                }
            },
            "dependsOn": []
        },
        {
            "name": "[concat(parameters('factoryName'), '/RoadmapAuAQVOutput30042024')]",
            "type": "Microsoft.DataFactory/factories/datasets",
            "apiVersion": "2018-06-01",
            "properties": {
                "linkedServiceName": {
                    "referenceName": "AdviceworxSFTP",
                    "type": "LinkedServiceReference"
                },
                "annotations": [],
                "type": "Excel",
                "typeProperties": {
                    "sheetName": "Roadmap_AuA",
                    "location": {
                        "type": "SftpLocation",
                        "fileName": "Roadmap_AuA.xlsx",
                        "folderPath": "/AdviceworxSFTP"
                    },
                    "firstRowAsHeader": true
                },
                "schema": [
                    {
                        "name": "EntityID",
                        "type": "String"
                    },
                    {
                        "name": "Partner Name",
                        "type": "String"
                    },
                    {
                        "name": "Start Date - PDB",
                        "type": "String"
                    },
                    {
                        "name": "1",
                        "type": "String"
                    },
                    {
                        "name": "2",
                        "type": "String"
                    },
                    {
                        "name": "3",
                        "type": "String"
                    },
                    {
                        "name": "4",
                        "type": "String"
                    },
                    {
                        "name": "5",
                        "type": "String"
                    },
                    {
                        "name": "6",
                        "type": "String"
                    },
                    {
                        "name": "7",
                        "type": "String"
                    },
                    {
                        "name": "8",
                        "type": "String"
                    },
                    {
                        "name": "9",
                        "type": "String"
                    },
                    {
                        "name": "10",
                        "type": "String"
                    },
                    {
                        "name": "11",
                        "type": "String"
                    },
                    {
                        "name": "12",
                        "type": "String"
                    }
                ]
            },
            "dependsOn": []
        },
        {
            "name": "[concat(parameters('factoryName'), '/RoadmapAuAStgSQL')]",
            "type": "Microsoft.DataFactory/factories/datasets",
            "apiVersion": "2018-06-01",
            "properties": {
                "linkedServiceName": {
                    "referenceName": "StgSQLNew30042024",
                    "type": "LinkedServiceReference"
                },
                "annotations": [],
                "type": "AzureSqlTable",
                "schema": [
                    {
                        "name": "Entity ID",
                        "type": "int",
                        "precision": 10
                    },
                    {
                        "name": "Partner Name",
                        "type": "nvarchar"
                    },
                    {
                        "name": "Start Date - PDB",
                        "type": "date"
                    },
                    {
                        "name": "1",
                        "type": "decimal",
                        "precision": 29,
                        "scale": 17
                    },
                    {
                        "name": "2",
                        "type": "decimal",
                        "precision": 29,
                        "scale": 17
                    },
                    {
                        "name": "3",
                        "type": "decimal",
                        "precision": 29,
                        "scale": 17
                    },
                    {
                        "name": "4",
                        "type": "decimal",
                        "precision": 29,
                        "scale": 17
                    },
                    {
                        "name": "5",
                        "type": "decimal",
                        "precision": 29,
                        "scale": 17
                    },
                    {
                        "name": "6",
                        "type": "decimal",
                        "precision": 29,
                        "scale": 17
                    },
                    {
                        "name": "7",
                        "type": "decimal",
                        "precision": 29,
                        "scale": 17
                    },
                    {
                        "name": "8",
                        "type": "decimal",
                        "precision": 29,
                        "scale": 17
                    },
                    {
                        "name": "9",
                        "type": "decimal",
                        "precision": 29,
                        "scale": 17
                    },
                    {
                        "name": "10",
                        "type": "decimal",
                        "precision": 29,
                        "scale": 17
                    },
                    {
                        "name": "11",
                        "type": "decimal",
                        "precision": 29,
                        "scale": 17
                    },
                    {
                        "name": "12",
                        "type": "decimal",
                        "precision": 29,
                        "scale": 17
                    }
                ],
                "typeProperties": {
                    "schema": "dbo",
                    "table": "Roadmap_AuA"
                }
            },
            "dependsOn": []
        },
        {
            "name": "[concat(parameters('factoryName'), '/RoadmapEarningsDevSQL')]",
            "type": "Microsoft.DataFactory/factories/datasets",
            "apiVersion": "2018-06-01",
            "properties": {
                "linkedServiceName": {
                    "referenceName": "DevSQLNew30042024",
                    "type": "LinkedServiceReference"
                },
                "annotations": [],
                "type": "AzureSqlTable",
                "schema": [
                    {
                        "name": "Entity ID",
                        "type": "int",
                        "precision": 10
                    },
                    {
                        "name": "Partner Name",
                        "type": "nvarchar"
                    },
                    {
                        "name": "Start Date - PDB",
                        "type": "date"
                    },
                    {
                        "name": "1",
                        "type": "decimal",
                        "precision": 29,
                        "scale": 17
                    },
                    {
                        "name": "2",
                        "type": "decimal",
                        "precision": 29,
                        "scale": 17
                    },
                    {
                        "name": "3",
                        "type": "decimal",
                        "precision": 29,
                        "scale": 17
                    },
                    {
                        "name": "4",
                        "type": "decimal",
                        "precision": 29,
                        "scale": 17
                    },
                    {
                        "name": "5",
                        "type": "decimal",
                        "precision": 29,
                        "scale": 17
                    },
                    {
                        "name": "6",
                        "type": "decimal",
                        "precision": 29,
                        "scale": 17
                    },
                    {
                        "name": "7",
                        "type": "decimal",
                        "precision": 29,
                        "scale": 17
                    },
                    {
                        "name": "8",
                        "type": "decimal",
                        "precision": 29,
                        "scale": 17
                    },
                    {
                        "name": "9",
                        "type": "decimal",
                        "precision": 29,
                        "scale": 17
                    },
                    {
                        "name": "10",
                        "type": "decimal",
                        "precision": 29,
                        "scale": 17
                    },
                    {
                        "name": "11",
                        "type": "decimal",
                        "precision": 29,
                        "scale": 17
                    },
                    {
                        "name": "12",
                        "type": "decimal",
                        "precision": 29,
                        "scale": 17
                    }
                ],
                "typeProperties": {
                    "schema": "dbo",
                    "table": "Roadmap_Earnings"
                }
            },
            "dependsOn": []
        },
        {
            "name": "[concat(parameters('factoryName'), '/RoadmapEarningsQVOutput30042024')]",
            "type": "Microsoft.DataFactory/factories/datasets",
            "apiVersion": "2018-06-01",
            "properties": {
                "linkedServiceName": {
                    "referenceName": "AdviceworxSFTP",
                    "type": "LinkedServiceReference"
                },
                "annotations": [],
                "type": "Excel",
                "typeProperties": {
                    "sheetName": "Roadmap_Earnings",
                    "location": {
                        "type": "SftpLocation",
                        "fileName": "Roadmap_Earnings.xlsx",
                        "folderPath": "/AdviceworxSFTP"
                    },
                    "firstRowAsHeader": true
                },
                "schema": [
                    {
                        "name": "EntityID",
                        "type": "String"
                    },
                    {
                        "name": "Partner Name",
                        "type": "String"
                    },
                    {
                        "name": "Start Date - PDB",
                        "type": "String"
                    },
                    {
                        "name": "1",
                        "type": "String"
                    },
                    {
                        "name": "2",
                        "type": "String"
                    },
                    {
                        "name": "3",
                        "type": "String"
                    },
                    {
                        "name": "4",
                        "type": "String"
                    },
                    {
                        "name": "5",
                        "type": "String"
                    },
                    {
                        "name": "6",
                        "type": "String"
                    },
                    {
                        "name": "7",
                        "type": "String"
                    },
                    {
                        "name": "8",
                        "type": "String"
                    },
                    {
                        "name": "9",
                        "type": "String"
                    },
                    {
                        "name": "10",
                        "type": "String"
                    },
                    {
                        "name": "11",
                        "type": "String"
                    },
                    {
                        "name": "12",
                        "type": "String"
                    }
                ]
            },
            "dependsOn": []
        },
        {
            "name": "[concat(parameters('factoryName'), '/RoadmapEarningsStgSQL')]",
            "type": "Microsoft.DataFactory/factories/datasets",
            "apiVersion": "2018-06-01",
            "properties": {
                "linkedServiceName": {
                    "referenceName": "StgSQLNew30042024",
                    "type": "LinkedServiceReference"
                },
                "annotations": [],
                "type": "AzureSqlTable",
                "schema": [
                    {
                        "name": "Entity ID",
                        "type": "int",
                        "precision": 10
                    },
                    {
                        "name": "Partner Name",
                        "type": "nvarchar"
                    },
                    {
                        "name": "Start Date - PDB",
                        "type": "date"
                    },
                    {
                        "name": "1",
                        "type": "decimal",
                        "precision": 29,
                        "scale": 17
                    },
                    {
                        "name": "2",
                        "type": "decimal",
                        "precision": 29,
                        "scale": 17
                    },
                    {
                        "name": "3",
                        "type": "decimal",
                        "precision": 29,
                        "scale": 17
                    },
                    {
                        "name": "4",
                        "type": "decimal",
                        "precision": 29,
                        "scale": 17
                    },
                    {
                        "name": "5",
                        "type": "decimal",
                        "precision": 29,
                        "scale": 17
                    },
                    {
                        "name": "6",
                        "type": "decimal",
                        "precision": 29,
                        "scale": 17
                    },
                    {
                        "name": "7",
                        "type": "decimal",
                        "precision": 29,
                        "scale": 17
                    },
                    {
                        "name": "8",
                        "type": "decimal",
                        "precision": 29,
                        "scale": 17
                    },
                    {
                        "name": "9",
                        "type": "decimal",
                        "precision": 29,
                        "scale": 17
                    },
                    {
                        "name": "10",
                        "type": "decimal",
                        "precision": 29,
                        "scale": 17
                    },
                    {
                        "name": "11",
                        "type": "decimal",
                        "precision": 29,
                        "scale": 17
                    },
                    {
                        "name": "12",
                        "type": "decimal",
                        "precision": 29,
                        "scale": 17
                    }
                ],
                "typeProperties": {
                    "schema": "dbo",
                    "table": "Roadmap_Earnings"
                }
            },
            "dependsOn": []
        }
    ]
}