{
    "$schema": "http://schema.management.azure.com/schemas/2015-01-01/deploymentTemplate.json#",
    "contentVersion": "1.0.0.0",
    "parameters": {
        "factoryName": {
            "type": "string",
            "metadata": "Data Factory name",
            "defaultValue": "CompassAPICalls"
        }
    },
    "variables": {
        "factoryId": "[concat('Microsoft.DataFactory/factories/', parameters('factoryName'))]"
    },
    "resources": [
        {
            "name": "[concat(parameters('factoryName'), '/RoadmapEndorsedSolutionsQVOutput30042024')]",
            "type": "Microsoft.DataFactory/factories/datasets",
            "apiVersion": "2018-06-01",
            "properties": {
                "linkedServiceName": {
                    "referenceName": "AdviceworxSFTP",
                    "type": "LinkedServiceReference"
                },
                "annotations": [],
                "type": "Excel",
                "typeProperties": {
                    "sheetName": "Roadmap_Endorsed_Solutions",
                    "location": {
                        "type": "SftpLocation",
                        "fileName": "Roadmap_Endorsed_Solutions.xlsx",
                        "folderPath": "/AdviceworxSFTP"
                    },
                    "firstRowAsHeader": true
                },
                "schema": [
                    {
                        "name": "EntityID",
                        "type": "String"
                    },
                    {
                        "name": "Partner Name",
                        "type": "String"
                    },
                    {
                        "name": "Start Date - PDB",
                        "type": "String"
                    },
                    {
                        "name": "1",
                        "type": "String"
                    },
                    {
                        "name": "2",
                        "type": "String"
                    },
                    {
                        "name": "3",
                        "type": "String"
                    },
                    {
                        "name": "4",
                        "type": "String"
                    },
                    {
                        "name": "5",
                        "type": "String"
                    },
                    {
                        "name": "6",
                        "type": "String"
                    },
                    {
                        "name": "7",
                        "type": "String"
                    },
                    {
                        "name": "8",
                        "type": "String"
                    },
                    {
                        "name": "9",
                        "type": "String"
                    },
                    {
                        "name": "10",
                        "type": "String"
                    },
                    {
                        "name": "11",
                        "type": "String"
                    },
                    {
                        "name": "12",
                        "type": "String"
                    }
                ]
            },
            "dependsOn": []
        },
        {
            "name": "[concat(parameters('factoryName'), '/AzureSqlTable5')]",
            "type": "Microsoft.DataFactory/factories/datasets",
            "apiVersion": "2018-06-01",
            "properties": {
                "linkedServiceName": {
                    "referenceName": "DevSQLNew30042024",
                    "type": "LinkedServiceReference"
                },
                "annotations": [],
                "type": "AzureSqlTable",
                "schema": [
                    {
                        "name": "xPuserCode",
                        "type": "int",
                        "precision": 10
                    },
                    {
                        "name": "EntityID",
                        "type": "int",
                        "precision": 10
                    },
                    {
                        "name": "ClientName",
                        "type": "nvarchar"
                    },
                    {
                        "name": "1rate",
                        "type": "nvarchar"
                    },
                    {
                        "name": "2rate",
                        "type": "nvarchar"
                    },
                    {
                        "name": "3rate",
                        "type": "nvarchar"
                    },
                    {
                        "name": "4rate",
                        "type": "nvarchar"
                    },
                    {
                        "name": "5rate",
                        "type": "nvarchar"
                    },
                    {
                        "name": "ratingdate",
                        "type": "date"
                    },
                    {
                        "name": "futuredate",
                        "type": "date"
                    }
                ],
                "typeProperties": {
                    "schema": "dbo",
                    "table": "ClientExperience"
                }
            },
            "dependsOn": []
        },
        {
            "name": "[concat(parameters('factoryName'), '/ClientExperienceCSV')]",
            "type": "Microsoft.DataFactory/factories/datasets",
            "apiVersion": "2018-06-01",
            "properties": {
                "linkedServiceName": {
                    "referenceName": "AdviceworxSFTP",
                    "type": "LinkedServiceReference"
                },
                "annotations": [],
                "type": "DelimitedText",
                "typeProperties": {
                    "location": {
                        "type": "SftpLocation",
                        "fileName": "clientexp.csv",
                        "folderPath": "/AdviceworxSFTP/CompassRepo/newDataClientExp"
                    },
                    "columnDelimiter": ",",
                    "escapeChar": "\\",
                    "firstRowAsHeader": true,
                    "quoteChar": "\""
                },
                "schema": [
                    {
                        "name": "Entity Id",
                        "type": "String"
                    },
                    {
                        "name": "UserID",
                        "type": "String"
                    },
                    {
                        "name": "Entity Name",
                        "type": "String"
                    },
                    {
                        "name": "1star",
                        "type": "String"
                    },
                    {
                        "name": "2star",
                        "type": "String"
                    },
                    {
                        "name": "3star",
                        "type": "String"
                    },
                    {
                        "name": "4star",
                        "type": "String"
                    },
                    {
                        "name": "5star",
                        "type": "String"
                    },
                    {
                        "name": "EntityStatus",
                        "type": "String"
                    }
                ]
            },
            "dependsOn": []
        },
        {
            "name": "[concat(parameters('factoryName'), '/ComplianceQVOutput30042024')]",
            "type": "Microsoft.DataFactory/factories/datasets",
            "apiVersion": "2018-06-01",
            "properties": {
                "linkedServiceName": {
                    "referenceName": "AdviceworxSFTP",
                    "type": "LinkedServiceReference"
                },
                "annotations": [],
                "type": "DelimitedText",
                "typeProperties": {
                    "location": {
                        "type": "SftpLocation",
                        "fileName": "Compliance_Q2_2024.csv",
                        "folderPath": "/AdviceworxSFTP/MIS_Team/Monthly Data Push To SQL"
                    },
                    "columnDelimiter": ",",
                    "escapeChar": "\\",
                    "firstRowAsHeader": true,
                    "quoteChar": "\""
                },
                "schema": [
                    {
                        "name": "Date Month",
                        "type": "String"
                    },
                    {
                        "name": "XP User Code",
                        "type": "String"
                    },
                    {
                        "name": "Partner",
                        "type": "String"
                    },
                    {
                        "name": " Masthead - New Business ",
                        "type": "String"
                    },
                    {
                        "name": " IAR ",
                        "type": "String"
                    },
                    {
                        "name": " Masthead - Reviews ",
                        "type": "String"
                    },
                    {
                        "name": " Total Audit Score as at ",
                        "type": "String"
                    }
                ]
            },
            "dependsOn": []
        },
        {
            "name": "[concat(parameters('factoryName'), '/ComplianceDevSQL')]",
            "type": "Microsoft.DataFactory/factories/datasets",
            "apiVersion": "2018-06-01",
            "properties": {
                "linkedServiceName": {
                    "referenceName": "DevSQLNew30042024",
                    "type": "LinkedServiceReference"
                },
                "annotations": [],
                "type": "AzureSqlTable",
                "schema": [
                    {
                        "name": "Date Month",
                        "type": "date"
                    },
                    {
                        "name": "Partner",
                        "type": "nvarchar"
                    },
                    {
                        "name": "Masthead - New Business",
                        "type": "nvarchar"
                    },
                    {
                        "name": "IAR",
                        "type": "nvarchar"
                    },
                    {
                        "name": "Masthead - Reviews",
                        "type": "nvarchar"
                    },
                    {
                        "name": "Total Audit Score as at",
                        "type": "nvarchar"
                    },
                    {
                        "name": "XP User Code",
                        "type": "int",
                        "precision": 10
                    }
                ],
                "typeProperties": {
                    "schema": "dbo",
                    "table": "Compliance"
                }
            },
            "dependsOn": []
        },
        {
            "name": "[concat(parameters('factoryName'), '/ReplacementScoresDevSQL')]",
            "type": "Microsoft.DataFactory/factories/datasets",
            "apiVersion": "2018-06-01",
            "properties": {
                "linkedServiceName": {
                    "referenceName": "DevSQLNew30042024",
                    "type": "LinkedServiceReference"
                },
                "annotations": [],
                "type": "AzureSqlTable",
                "schema": [
                    {
                        "name": "Date",
                        "type": "date"
                    },
                    {
                        "name": "xPlan User ID",
                        "type": "int",
                        "precision": 10
                    },
                    {
                        "name": "Partner",
                        "type": "nvarchar"
                    },
                    {
                        "name": "PDA Correct",
                        "type": "int",
                        "precision": 10
                    },
                    {
                        "name": "PDA Incorrect",
                        "type": "int",
                        "precision": 10
                    },
                    {
                        "name": "PDA Rplacement Score",
                        "type": "decimal",
                        "precision": 18,
                        "scale": 2
                    },
                    {
                        "name": "Endorsed Advice Correct",
                        "type": "int",
                        "precision": 10
                    },
                    {
                        "name": "Endorsed Advice Incorrect",
                        "type": "int",
                        "precision": 10
                    },
                    {
                        "name": "Endorsed Advice Replacement Score",
                        "type": "decimal",
                        "precision": 18,
                        "scale": 2
                    },
                    {
                        "name": "Overall Replacement Score",
                        "type": "decimal",
                        "precision": 18,
                        "scale": 2
                    }
                ],
                "typeProperties": {
                    "schema": "dbo",
                    "table": "Replacement Scores"
                }
            },
            "dependsOn": []
        },
        {
            "name": "[concat(parameters('factoryName'), '/ReplacementScoresQVOutput30042024')]",
            "type": "Microsoft.DataFactory/factories/datasets",
            "apiVersion": "2018-06-01",
            "properties": {
                "linkedServiceName": {
                    "referenceName": "AdviceworxSFTP",
                    "type": "LinkedServiceReference"
                },
                "annotations": [],
                "type": "DelimitedText",
                "typeProperties": {
                    "location": {
                        "type": "SftpLocation",
                        "fileName": "Replacement Scores_Q2_2024.csv",
                        "folderPath": "/AdviceworxSFTP/MIS_Team/Monthly Data Push To SQL"
                    },
                    "columnDelimiter": ",",
                    "escapeChar": "\\",
                    "firstRowAsHeader": true,
                    "quoteChar": "\""
                },
                "schema": [
                    {
                        "name": "Date",
                        "type": "String"
                    },
                    {
                        "name": "xPlan User ID",
                        "type": "String"
                    },
                    {
                        "name": "Partner",
                        "type": "String"
                    },
                    {
                        "name": "PDA Correct",
                        "type": "String"
                    },
                    {
                        "name": "PDA Incorrect",
                        "type": "String"
                    },
                    {
                        "name": " PDA Rplacement Score ",
                        "type": "String"
                    },
                    {
                        "name": "Endorsed Advice Correct",
                        "type": "String"
                    },
                    {
                        "name": "Endorsed Advice Incorrect",
                        "type": "String"
                    },
                    {
                        "name": "Endorsed Advice Replacement Score",
                        "type": "String"
                    },
                    {
                        "name": " Overall Replacement Score ",
                        "type": "String"
                    }
                ]
            },
            "dependsOn": []
        },
        {
            "name": "[concat(parameters('factoryName'), '/ComplianceStgSQL')]",
            "type": "Microsoft.DataFactory/factories/datasets",
            "apiVersion": "2018-06-01",
            "properties": {
                "linkedServiceName": {
                    "referenceName": "StgSQLNew30042024",
                    "type": "LinkedServiceReference"
                },
                "annotations": [],
                "type": "AzureSqlTable",
                "schema": [
                    {
                        "name": "Date Month",
                        "type": "date"
                    },
                    {
                        "name": "Partner",
                        "type": "nvarchar"
                    },
                    {
                        "name": "Masthead - New Business",
                        "type": "nvarchar"
                    },
                    {
                        "name": "IAR",
                        "type": "nvarchar"
                    },
                    {
                        "name": "Masthead - Reviews",
                        "type": "nvarchar"
                    },
                    {
                        "name": "Total Audit Score as at",
                        "type": "nvarchar"
                    },
                    {
                        "name": "XP User Code",
                        "type": "int",
                        "precision": 10
                    }
                ],
                "typeProperties": {
                    "schema": "dbo",
                    "table": "Compliance"
                }
            },
            "dependsOn": []
        },
        {
            "name": "[concat(parameters('factoryName'), '/ReplacementScoresStgSQL')]",
            "type": "Microsoft.DataFactory/factories/datasets",
            "apiVersion": "2018-06-01",
            "properties": {
                "linkedServiceName": {
                    "referenceName": "StgSQLNew30042024",
                    "type": "LinkedServiceReference"
                },
                "annotations": [],
                "type": "AzureSqlTable",
                "schema": [
                    {
                        "name": "Date",
                        "type": "date"
                    },
                    {
                        "name": "xPlan User ID",
                        "type": "int",
                        "precision": 10
                    },
                    {
                        "name": "Partner",
                        "type": "nvarchar"
                    },
                    {
                        "name": "PDA Correct",
                        "type": "int",
                        "precision": 10
                    },
                    {
                        "name": "PDA Incorrect",
                        "type": "int",
                        "precision": 10
                    },
                    {
                        "name": "PDA Rplacement Score",
                        "type": "decimal",
                        "precision": 18,
                        "scale": 2
                    },
                    {
                        "name": "Endorsed Advice Correct",
                        "type": "int",
                        "precision": 10
                    },
                    {
                        "name": "Endorsed Advice Incorrect",
                        "type": "int",
                        "precision": 10
                    },
                    {
                        "name": "Endorsed Advice Replacement Score",
                        "type": "decimal",
                        "precision": 18,
                        "scale": 2
                    },
                    {
                        "name": "Overall Replacement Score",
                        "type": "decimal",
                        "precision": 18,
                        "scale": 2
                    }
                ],
                "typeProperties": {
                    "schema": "dbo",
                    "table": "Replacement Scores"
                }
            },
            "dependsOn": []
        },
        {
            "name": "[concat(parameters('factoryName'), '/LodgementsPrdSQL')]",
            "type": "Microsoft.DataFactory/factories/datasets",
            "apiVersion": "2018-06-01",
            "properties": {
                "linkedServiceName": {
                    "referenceName": "PrdSQLNew30042024",
                    "type": "LinkedServiceReference"
                },
                "annotations": [],
                "type": "AzureSqlTable",
                "schema": [
                    {
                        "name": "Entity Id",
                        "type": "int",
                        "precision": 10
                    },
                    {
                        "name": "ClientName",
                        "type": "nvarchar"
                    },
                    {
                        "name": "Partner",
                        "type": "nvarchar"
                    },
                    {
                        "name": "XPUserCode",
                        "type": "int",
                        "precision": 10
                    },
                    {
                        "name": "Endorsed Advice – Focused",
                        "type": "int",
                        "precision": 10
                    },
                    {
                        "name": "Endorsed Advice – Lifestyle",
                        "type": "int",
                        "precision": 10
                    },
                    {
                        "name": "Parter Directed Advice",
                        "type": "int",
                        "precision": 10
                    },
                    {
                        "name": "DateMonth",
                        "type": "date"
                    }
                ],
                "typeProperties": {
                    "schema": "dbo",
                    "table": "Lodgement"
                }
            },
            "dependsOn": []
        },
        {
            "name": "[concat(parameters('factoryName'), '/CompliancePrdSQL')]",
            "type": "Microsoft.DataFactory/factories/datasets",
            "apiVersion": "2018-06-01",
            "properties": {
                "linkedServiceName": {
                    "referenceName": "PrdSQLNew30042024",
                    "type": "LinkedServiceReference"
                },
                "annotations": [],
                "type": "AzureSqlTable",
                "schema": [
                    {
                        "name": "Date Month",
                        "type": "date"
                    },
                    {
                        "name": "Partner",
                        "type": "nvarchar"
                    },
                    {
                        "name": "Masthead - New Business",
                        "type": "nvarchar"
                    },
                    {
                        "name": "IAR",
                        "type": "nvarchar"
                    },
                    {
                        "name": "Masthead - Reviews",
                        "type": "nvarchar"
                    },
                    {
                        "name": "Total Audit Score as at",
                        "type": "nvarchar"
                    },
                    {
                        "name": "XP User Code",
                        "type": "int",
                        "precision": 10
                    }
                ],
                "typeProperties": {
                    "schema": "dbo",
                    "table": "Compliance"
                }
            },
            "dependsOn": []
        },
        {
            "name": "[concat(parameters('factoryName'), '/ReplacementScoresPrdSQL')]",
            "type": "Microsoft.DataFactory/factories/datasets",
            "apiVersion": "2018-06-01",
            "properties": {
                "linkedServiceName": {
                    "referenceName": "PrdSQLNew30042024",
                    "type": "LinkedServiceReference"
                },
                "annotations": [],
                "type": "AzureSqlTable",
                "schema": [
                    {
                        "name": "Date",
                        "type": "date"
                    },
                    {
                        "name": "xPlan User ID",
                        "type": "int",
                        "precision": 10
                    },
                    {
                        "name": "Partner",
                        "type": "nvarchar"
                    },
                    {
                        "name": "PDA Correct",
                        "type": "int",
                        "precision": 10
                    },
                    {
                        "name": "PDA Incorrect",
                        "type": "int",
                        "precision": 10
                    },
                    {
                        "name": "PDA Rplacement Score",
                        "type": "decimal",
                        "precision": 18,
                        "scale": 2
                    },
                    {
                        "name": "Endorsed Advice Correct",
                        "type": "int",
                        "precision": 10
                    },
                    {
                        "name": "Endorsed Advice Incorrect",
                        "type": "int",
                        "precision": 10
                    },
                    {
                        "name": "Endorsed Advice Replacement Score",
                        "type": "decimal",
                        "precision": 18,
                        "scale": 2
                    },
                    {
                        "name": "Overall Replacement Score",
                        "type": "decimal",
                        "precision": 18,
                        "scale": 2
                    }
                ],
                "typeProperties": {
                    "schema": "dbo",
                    "table": "Replacement Scores"
                }
            },
            "dependsOn": []
        },
        {
            "name": "[concat(parameters('factoryName'), '/RoadmapEndorsedSolutionsDevSQL')]",
            "type": "Microsoft.DataFactory/factories/datasets",
            "apiVersion": "2018-06-01",
            "properties": {
                "linkedServiceName": {
                    "referenceName": "DevSQLNew30042024",
                    "type": "LinkedServiceReference"
                },
                "annotations": [],
                "type": "AzureSqlTable",
                "schema": [
                    {
                        "name": "Entity ID",
                        "type": "int",
                        "precision": 10
                    },
                    {
                        "name": "Partner Name",
                        "type": "nvarchar"
                    },
                    {
                        "name": "Start Date - PDB",
                        "type": "date"
                    },
                    {
                        "name": "1",
                        "type": "decimal",
                        "precision": 29,
                        "scale": 17
                    },
                    {
                        "name": "2",
                        "type": "decimal",
                        "precision": 29,
                        "scale": 17
                    },
                    {
                        "name": "3",
                        "type": "decimal",
                        "precision": 29,
                        "scale": 17
                    },
                    {
                        "name": "4",
                        "type": "decimal",
                        "precision": 29,
                        "scale": 17
                    },
                    {
                        "name": "5",
                        "type": "decimal",
                        "precision": 29,
                        "scale": 17
                    },
                    {
                        "name": "6",
                        "type": "decimal",
                        "precision": 29,
                        "scale": 17
                    },
                    {
                        "name": "7",
                        "type": "decimal",
                        "precision": 29,
                        "scale": 17
                    },
                    {
                        "name": "8",
                        "type": "decimal",
                        "precision": 29,
                        "scale": 17
                    },
                    {
                        "name": "9",
                        "type": "decimal",
                        "precision": 29,
                        "scale": 17
                    },
                    {
                        "name": "10",
                        "type": "decimal",
                        "precision": 29,
                        "scale": 17
                    },
                    {
                        "name": "11",
                        "type": "decimal",
                        "precision": 29,
                        "scale": 17
                    },
                    {
                        "name": "12",
                        "type": "decimal",
                        "precision": 29,
                        "scale": 17
                    }
                ],
                "typeProperties": {
                    "schema": "dbo",
                    "table": "Roadmap_Endorsed_Solutions"
                }
            },
            "dependsOn": []
        },
        {
            "name": "[concat(parameters('factoryName'), '/RoadmapEndorsedSolutionsStgSQL')]",
            "type": "Microsoft.DataFactory/factories/datasets",
            "apiVersion": "2018-06-01",
            "properties": {
                "linkedServiceName": {
                    "referenceName": "StgSQLNew30042024",
                    "type": "LinkedServiceReference"
                },
                "annotations": [],
                "type": "AzureSqlTable",
                "schema": [
                    {
                        "name": "Entity ID",
                        "type": "int",
                        "precision": 10
                    },
                    {
                        "name": "Partner Name",
                        "type": "nvarchar"
                    },
                    {
                        "name": "Start Date - PDB",
                        "type": "date"
                    },
                    {
                        "name": "1",
                        "type": "decimal",
                        "precision": 29,
                        "scale": 17
                    },
                    {
                        "name": "2",
                        "type": "decimal",
                        "precision": 29,
                        "scale": 17
                    },
                    {
                        "name": "3",
                        "type": "decimal",
                        "precision": 29,
                        "scale": 17
                    },
                    {
                        "name": "4",
                        "type": "decimal",
                        "precision": 29,
                        "scale": 17
                    },
                    {
                        "name": "5",
                        "type": "decimal",
                        "precision": 29,
                        "scale": 17
                    },
                    {
                        "name": "6",
                        "type": "decimal",
                        "precision": 29,
                        "scale": 17
                    },
                    {
                        "name": "7",
                        "type": "decimal",
                        "precision": 29,
                        "scale": 17
                    },
                    {
                        "name": "8",
                        "type": "decimal",
                        "precision": 29,
                        "scale": 17
                    },
                    {
                        "name": "9",
                        "type": "decimal",
                        "precision": 29,
                        "scale": 17
                    },
                    {
                        "name": "10",
                        "type": "decimal",
                        "precision": 29,
                        "scale": 17
                    },
                    {
                        "name": "11",
                        "type": "decimal",
                        "precision": 29,
                        "scale": 17
                    },
                    {
                        "name": "12",
                        "type": "decimal",
                        "precision": 29,
                        "scale": 17
                    }
                ],
                "typeProperties": {
                    "schema": "dbo",
                    "table": "Roadmap_Endorsed_Solutions"
                }
            },
            "dependsOn": []
        },
        {
            "name": "[concat(parameters('factoryName'), '/AssistantKPITrendsPrdSQL')]",
            "type": "Microsoft.DataFactory/factories/datasets",
            "apiVersion": "2018-06-01",
            "properties": {
                "linkedServiceName": {
                    "referenceName": "PrdSQLNew30042024",
                    "type": "LinkedServiceReference"
                },
                "annotations": [],
                "type": "AzureSqlTable",
                "schema": [
                    {
                        "name": "POM",
                        "type": "nvarchar"
                    },
                    {
                        "name": "Partner",
                        "type": "nvarchar"
                    },
                    {
                        "name": "Assistant",
                        "type": "nvarchar"
                    },
                    {
                        "name": "Date Month",
                        "type": "date"
                    },
                    {
                        "name": "xPlan Activity",
                        "type": "decimal",
                        "precision": 38,
                        "scale": 2
                    },
                    {
                        "name": "Compliance",
                        "type": "nvarchar"
                    },
                    {
                        "name": "FICA",
                        "type": "decimal",
                        "precision": 38,
                        "scale": 2
                    },
                    {
                        "name": "Reviews",
                        "type": "decimal",
                        "precision": 38,
                        "scale": 2
                    },
                    {
                        "name": "Book Price",
                        "type": "decimal",
                        "precision": 38,
                        "scale": 2
                    },
                    {
                        "name": "Lodgement",
                        "type": "decimal",
                        "precision": 38,
                        "scale": 2
                    },
                    {
                        "name": "Integration",
                        "type": "decimal",
                        "precision": 38,
                        "scale": 2
                    },
                    {
                        "name": "MAPP",
                        "type": "decimal",
                        "precision": 38,
                        "scale": 2
                    },
                    {
                        "name": "Suspense",
                        "type": "decimal",
                        "precision": 38,
                        "scale": 2
                    },
                    {
                        "name": "Total Score (40 or 45",
                        "type": "decimal",
                        "precision": 38,
                        "scale": 2
                    },
                    {
                        "name": "Total Score 5",
                        "type": "decimal",
                        "precision": 38,
                        "scale": 2
                    },
                    {
                        "name": "XPusercode",
                        "type": "int",
                        "precision": 10
                    },
                    {
                        "name": "Assistants Emails",
                        "type": "nvarchar"
                    },
                    {
                        "name": "MAPP Data Pull",
                        "type": "datetime",
                        "precision": 23,
                        "scale": 3
                    }
                ],
                "typeProperties": {
                    "schema": "dbo",
                    "table": "Assistant KPI Trends"
                }
            },
            "dependsOn": []
        },
        {
            "name": "[concat(parameters('factoryName'), '/AUAPrdSQL')]",
            "type": "Microsoft.DataFactory/factories/datasets",
            "apiVersion": "2018-06-01",
            "properties": {
                "linkedServiceName": {
                    "referenceName": "PrdSQLNew30042024",
                    "type": "LinkedServiceReference"
                },
                "annotations": [],
                "type": "AzureSqlTable",
                "schema": [
                    {
                        "name": "PARTNER",
                        "type": "nvarchar"
                    },
                    {
                        "name": "XPUSERCODE",
                        "type": "int",
                        "precision": 10
                    },
                    {
                        "name": "ENTITYSTATUSAUA",
                        "type": "nvarchar"
                    },
                    {
                        "name": "SQL_PARTNER_CHECK",
                        "type": "int",
                        "precision": 10
                    },
                    {
                        "name": "AWXCLIENT",
                        "type": "nvarchar"
                    },
                    {
                        "name": "ENTITYID",
                        "type": "nvarchar"
                    },
                    {
                        "name": "PRODUCT",
                        "type": "nvarchar"
                    },
                    {
                        "name": "FUND",
                        "type": "nvarchar"
                    },
                    {
                        "name": "ENHANCEDMAPPINGAUA",
                        "type": "nvarchar"
                    },
                    {
                        "name": "ASSETVALUE",
                        "type": "decimal",
                        "precision": 29,
                        "scale": 17
                    },
                    {
                        "name": "PRODUCTPROVIDER",
                        "type": "nvarchar"
                    },
                    {
                        "name": "POLICYNUMBER",
                        "type": "nvarchar"
                    },
                    {
                        "name": "DATEMONTHSQL",
                        "type": "date"
                    },
                    {
                        "name": "CASHPROVIDER",
                        "type": "nvarchar"
                    }
                ],
                "typeProperties": {
                    "schema": "dbo",
                    "table": "AUA"
                }
            },
            "dependsOn": []
        },
        {
            "name": "[concat(parameters('factoryName'), '/AUMPrdSQL')]",
            "type": "Microsoft.DataFactory/factories/datasets",
            "apiVersion": "2018-06-01",
            "properties": {
                "linkedServiceName": {
                    "referenceName": "PrdSQLNew30042024",
                    "type": "LinkedServiceReference"
                },
                "annotations": [],
                "type": "AzureSqlTable",
                "schema": [
                    {
                        "name": "PRODUCTAUM",
                        "type": "nvarchar"
                    },
                    {
                        "name": "POLICYNUMBERAUM",
                        "type": "nvarchar"
                    },
                    {
                        "name": "PARTNERAUM",
                        "type": "nvarchar"
                    },
                    {
                        "name": "AWXCLIENTAUM",
                        "type": "nvarchar"
                    },
                    {
                        "name": "ENTITYIDAUM",
                        "type": "nvarchar"
                    },
                    {
                        "name": "CLIENT_NAME_MAP_EVAL_AUM",
                        "type": "nvarchar"
                    },
                    {
                        "name": "PRODUCTPROVIDERAUM",
                        "type": "nvarchar"
                    },
                    {
                        "name": "MAPPEDPRODUCTPROVIDERAUM",
                        "type": "nvarchar"
                    },
                    {
                        "name": "DATEMONTHAUM",
                        "type": "nvarchar"
                    },
                    {
                        "name": "DATEMONTHSQL",
                        "type": "date"
                    },
                    {
                        "name": "IDAUM",
                        "type": "nvarchar"
                    },
                    {
                        "name": "SOURCECLIENTAUM",
                        "type": "nvarchar"
                    },
                    {
                        "name": "FUNDNAMEAUM",
                        "type": "nvarchar"
                    },
                    {
                        "name": "ASSETVALUEAUM",
                        "type": "decimal",
                        "precision": 29,
                        "scale": 17
                    },
                    {
                        "name": "XPUSERCODEAUM",
                        "type": "int",
                        "precision": 10
                    },
                    {
                        "name": "SQL_PARTNER_CHECK_AUM",
                        "type": "int",
                        "precision": 10
                    },
                    {
                        "name": "TAGAUM",
                        "type": "nvarchar"
                    }
                ],
                "typeProperties": {
                    "schema": "dbo",
                    "table": "AUM"
                }
            },
            "dependsOn": []
        },
        {
            "name": "[concat(parameters('factoryName'), '/IntegrationStatsStgSQL')]",
            "type": "Microsoft.DataFactory/factories/datasets",
            "apiVersion": "2018-06-01",
            "properties": {
                "linkedServiceName": {
                    "referenceName": "StgSQLNew30042024",
                    "type": "LinkedServiceReference"
                },
                "annotations": [],
                "type": "AzureSqlTable",
                "schema": [
                    {
                        "name": "DATEDATEMONTH",
                        "type": "date"
                    },
                    {
                        "name": "XPUSERCODE",
                        "type": "int",
                        "precision": 10
                    },
                    {
                        "name": "SQL_PARTNER_CHECK",
                        "type": "int",
                        "precision": 10
                    },
                    {
                        "name": "NAME_AND_SURNAME",
                        "type": "nvarchar"
                    },
                    {
                        "name": "INTEGRATIONSSTRATEGY",
                        "type": "nvarchar"
                    },
                    {
                        "name": "INTEGRATIONSENTITYID",
                        "type": "nvarchar"
                    },
                    {
                        "name": "WI_USAGE7",
                        "type": "int",
                        "precision": 10
                    },
                    {
                        "name": "xPlan_Imports_Usage",
                        "type": "int",
                        "precision": 10
                    },
                    {
                        "name": "PGP_Usage",
                        "type": "int",
                        "precision": 10
                    }
                ],
                "typeProperties": {
                    "schema": "dbo",
                    "table": "INTEGRATION_STATS"
                }
            },
            "dependsOn": []
        },
        {
            "name": "[concat(parameters('factoryName'), '/IntegrationStatsPrdSQL')]",
            "type": "Microsoft.DataFactory/factories/datasets",
            "apiVersion": "2018-06-01",
            "properties": {
                "linkedServiceName": {
                    "referenceName": "PrdSQLNew30042024",
                    "type": "LinkedServiceReference"
                },
                "annotations": [],
                "type": "AzureSqlTable",
                "schema": [
                    {
                        "name": "DATEDATEMONTH",
                        "type": "date"
                    },
                    {
                        "name": "XPUSERCODE",
                        "type": "int",
                        "precision": 10
                    },
                    {
                        "name": "SQL_PARTNER_CHECK",
                        "type": "int",
                        "precision": 10
                    },
                    {
                        "name": "NAME_AND_SURNAME",
                        "type": "nvarchar"
                    },
                    {
                        "name": "INTEGRATIONSSTRATEGY",
                        "type": "nvarchar"
                    },
                    {
                        "name": "INTEGRATIONSENTITYID",
                        "type": "nvarchar"
                    },
                    {
                        "name": "WI_USAGE7",
                        "type": "int",
                        "precision": 10
                    },
                    {
                        "name": "xPlan_Imports_Usage",
                        "type": "int",
                        "precision": 10
                    },
                    {
                        "name": "PGP_Usage",
                        "type": "int",
                        "precision": 10
                    }
                ],
                "typeProperties": {
                    "schema": "dbo",
                    "table": "INTEGRATION_STATS"
                }
            },
            "dependsOn": []
        },
        {
            "name": "[concat(parameters('factoryName'), '/PEPPrdSQL')]",
            "type": "Microsoft.DataFactory/factories/datasets",
            "apiVersion": "2018-06-01",
            "properties": {
                "linkedServiceName": {
                    "referenceName": "PrdSQLNew30042024",
                    "type": "LinkedServiceReference"
                },
                "annotations": [],
                "type": "AzureSqlTable",
                "schema": [
                    {
                        "name": "Partner Name",
                        "type": "nvarchar"
                    },
                    {
                        "name": "XPUserCode",
                        "type": "int",
                        "precision": 10
                    },
                    {
                        "name": "SQLPartnerCheck",
                        "type": "int",
                        "precision": 10
                    },
                    {
                        "name": "Tenure",
                        "type": "int",
                        "precision": 10
                    },
                    {
                        "name": "Current",
                        "type": "int",
                        "precision": 10
                    },
                    {
                        "name": "Projected",
                        "type": "int",
                        "precision": 10
                    }
                ],
                "typeProperties": {
                    "schema": "dbo",
                    "table": "PRACTISE_VALUATION_CONTRACTUAL_COMMITMENT"
                }
            },
            "dependsOn": []
        }
    ]
}