{
    "$schema": "http://schema.management.azure.com/schemas/2015-01-01/deploymentTemplate.json#",
    "contentVersion": "1.0.0.0",
    "parameters": {
        "factoryName": {
            "type": "string",
            "metadata": "Data Factory name",
            "defaultValue": "CompassAPICalls"
        }
    },
    "variables": {
        "factoryId": "[concat('Microsoft.DataFactory/factories/', parameters('factoryName'))]"
    },
    "resources": [
        {
            "name": "[concat(parameters('factoryName'), '/SuspenseQVOutput30042024')]",
            "type": "Microsoft.DataFactory/factories/datasets",
            "apiVersion": "2018-06-01",
            "properties": {
                "linkedServiceName": {
                    "referenceName": "AdviceworxSFTP",
                    "type": "LinkedServiceReference"
                },
                "annotations": [],
                "type": "Excel",
                "typeProperties": {
                    "sheetName": "Sheet1",
                    "location": {
                        "type": "SftpLocation",
                        "fileName": "Sus _Test.xlsx",
                        "folderPath": "/AdviceworxSFTP/xPlanData/SuspenseToSQL"
                    },
                    "firstRowAsHeader": true
                },
                "schema": [
                    {
                        "name": "Partner",
                        "type": "String"
                    },
                    {
                        "name": "Xpursercode",
                        "type": "String"
                    },
                    {
                        "name": "30DayPlusAmount",
                        "type": "String"
                    },
                    {
                        "name": "20to30DayAmount",
                        "type": "String"
                    },
                    {
                        "name": "10to20DayAmount",
                        "type": "String"
                    },
                    {
                        "name": "1to10DayAmount",
                        "type": "String"
                    },
                    {
                        "name": "0DayAmount",
                        "type": "String"
                    },
                    {
                        "name": "TotalAmount",
                        "type": "String"
                    },
                    {
                        "name": "MISReportingDate",
                        "type": "String"
                    }
                ]
            },
            "dependsOn": []
        },
        {
            "name": "[concat(parameters('factoryName'), '/SuspenseDevSQL')]",
            "type": "Microsoft.DataFactory/factories/datasets",
            "apiVersion": "2018-06-01",
            "properties": {
                "linkedServiceName": {
                    "referenceName": "DevSQLNew30042024",
                    "type": "LinkedServiceReference"
                },
                "annotations": [],
                "type": "AzureSqlTable",
                "schema": [
                    {
                        "name": "Xpusercode",
                        "type": "int",
                        "precision": 10
                    },
                    {
                        "name": "MISReportingDate",
                        "type": "date"
                    },
                    {
                        "name": "Partner",
                        "type": "nvarchar"
                    },
                    {
                        "name": "TotalAmount",
                        "type": "decimal",
                        "precision": 29,
                        "scale": 17
                    },
                    {
                        "name": "30DayPlusAmount",
                        "type": "decimal",
                        "precision": 29,
                        "scale": 17
                    },
                    {
                        "name": "20to30DayAmount",
                        "type": "decimal",
                        "precision": 29,
                        "scale": 17
                    },
                    {
                        "name": "10to20DayAmount",
                        "type": "decimal",
                        "precision": 29,
                        "scale": 17
                    },
                    {
                        "name": "1to10DayAmount",
                        "type": "decimal",
                        "precision": 29,
                        "scale": 17
                    },
                    {
                        "name": "0DayAmount",
                        "type": "decimal",
                        "precision": 29,
                        "scale": 17
                    }
                ],
                "typeProperties": {
                    "schema": "dbo",
                    "table": "Suspense"
                }
            },
            "dependsOn": []
        },
        {
            "name": "[concat(parameters('factoryName'), '/SuspenseStgSQL')]",
            "type": "Microsoft.DataFactory/factories/datasets",
            "apiVersion": "2018-06-01",
            "properties": {
                "linkedServiceName": {
                    "referenceName": "StgSQLNew30042024",
                    "type": "LinkedServiceReference"
                },
                "annotations": [],
                "type": "AzureSqlTable",
                "schema": [
                    {
                        "name": "Xpusercode",
                        "type": "int",
                        "precision": 10
                    },
                    {
                        "name": "MISReportingDate",
                        "type": "date"
                    },
                    {
                        "name": "Partner",
                        "type": "nvarchar"
                    },
                    {
                        "name": "TotalAmount",
                        "type": "decimal",
                        "precision": 29,
                        "scale": 17
                    },
                    {
                        "name": "30DayPlusAmount",
                        "type": "decimal",
                        "precision": 29,
                        "scale": 17
                    },
                    {
                        "name": "20to30DayAmount",
                        "type": "decimal",
                        "precision": 29,
                        "scale": 17
                    },
                    {
                        "name": "10to20DayAmount",
                        "type": "decimal",
                        "precision": 29,
                        "scale": 17
                    },
                    {
                        "name": "1to10DayAmount",
                        "type": "decimal",
                        "precision": 29,
                        "scale": 17
                    },
                    {
                        "name": "0DayAmount",
                        "type": "decimal",
                        "precision": 29,
                        "scale": 17
                    }
                ],
                "typeProperties": {
                    "schema": "dbo",
                    "table": "Suspense"
                }
            },
            "dependsOn": []
        },
        {
            "name": "[concat(parameters('factoryName'), '/xPlanStatsDetailDevSQL')]",
            "type": "Microsoft.DataFactory/factories/datasets",
            "apiVersion": "2018-06-01",
            "properties": {
                "linkedServiceName": {
                    "referenceName": "DevSQLNew30042024",
                    "type": "LinkedServiceReference"
                },
                "annotations": [],
                "type": "AzureSqlTable",
                "schema": [
                    {
                        "name": "Xpusercode",
                        "type": "int",
                        "precision": 10
                    },
                    {
                        "name": "XplanUser",
                        "type": "nvarchar"
                    },
                    {
                        "name": "XplanFieldName",
                        "type": "nvarchar"
                    },
                    {
                        "name": "Demographics",
                        "type": "int",
                        "precision": 10
                    },
                    {
                        "name": "Management",
                        "type": "int",
                        "precision": 10
                    },
                    {
                        "name": "Financials",
                        "type": "int",
                        "precision": 10
                    }
                ],
                "typeProperties": {
                    "schema": "dbo",
                    "table": "xPlanStatsDetail"
                }
            },
            "dependsOn": []
        },
        {
            "name": "[concat(parameters('factoryName'), '/xPlanStatsDetailStgSQL')]",
            "type": "Microsoft.DataFactory/factories/datasets",
            "apiVersion": "2018-06-01",
            "properties": {
                "linkedServiceName": {
                    "referenceName": "StgSQLNew30042024",
                    "type": "LinkedServiceReference"
                },
                "annotations": [],
                "type": "AzureSqlTable",
                "schema": [
                    {
                        "name": "Xpusercode",
                        "type": "int",
                        "precision": 10
                    },
                    {
                        "name": "XplanUser",
                        "type": "nvarchar"
                    },
                    {
                        "name": "XplanFieldName",
                        "type": "nvarchar"
                    },
                    {
                        "name": "Demographics",
                        "type": "int",
                        "precision": 10
                    },
                    {
                        "name": "Management",
                        "type": "int",
                        "precision": 10
                    },
                    {
                        "name": "Financials",
                        "type": "int",
                        "precision": 10
                    }
                ],
                "typeProperties": {
                    "schema": "dbo",
                    "table": "xPlanStatsDetail"
                }
            },
            "dependsOn": []
        },
        {
            "name": "[concat(parameters('factoryName'), '/xPlanStatsKPIQVOutput30042024')]",
            "type": "Microsoft.DataFactory/factories/datasets",
            "apiVersion": "2018-06-01",
            "properties": {
                "linkedServiceName": {
                    "referenceName": "AdviceworxSFTP",
                    "type": "LinkedServiceReference"
                },
                "annotations": [],
                "type": "Excel",
                "typeProperties": {
                    "sheetName": "Detail",
                    "location": {
                        "type": "SftpLocation",
                        "fileName": "xPlan Stat's input NAV - Oct'24.xlsx",
                        "folderPath": "/AdviceworxSFTP/MIS_Team/Monthly Data Push To SQL"
                    },
                    "firstRowAsHeader": true
                },
                "schema": [
                    {
                        "name": "Xpusercode",
                        "type": "String"
                    },
                    {
                        "name": "MISReportingDate",
                        "type": "String"
                    },
                    {
                        "name": "xPlan Stats user",
                        "type": "String"
                    },
                    {
                        "name": "Partner",
                        "type": "String"
                    },
                    {
                        "name": "Assistant",
                        "type": "String"
                    },
                    {
                        "name": "AuAGroup",
                        "type": "String"
                    },
                    {
                        "name": "ClientCountGroup",
                        "type": "String"
                    },
                    {
                        "name": "PracticeAVG",
                        "type": "String"
                    },
                    {
                        "name": "AssistantAVG",
                        "type": "String"
                    },
                    {
                        "name": "PracticeRank",
                        "type": "String"
                    },
                    {
                        "name": "AssistantRank",
                        "type": "String"
                    },
                    {
                        "name": "MagicNumberPractice",
                        "type": "String"
                    },
                    {
                        "name": "MagicNumberAssistant",
                        "type": "String"
                    }
                ]
            },
            "dependsOn": []
        },
        {
            "name": "[concat(parameters('factoryName'), '/xPlanStatsKPIDevSQL')]",
            "type": "Microsoft.DataFactory/factories/datasets",
            "apiVersion": "2018-06-01",
            "properties": {
                "linkedServiceName": {
                    "referenceName": "DevSQLNew30042024",
                    "type": "LinkedServiceReference"
                },
                "annotations": [],
                "type": "AzureSqlTable",
                "schema": [
                    {
                        "name": "Xpusercode",
                        "type": "int",
                        "precision": 10
                    },
                    {
                        "name": "MISReportingDate",
                        "type": "nvarchar"
                    },
                    {
                        "name": "xPlan Stats user",
                        "type": "nvarchar"
                    },
                    {
                        "name": "Partner",
                        "type": "nvarchar"
                    },
                    {
                        "name": "Assistant",
                        "type": "nvarchar"
                    },
                    {
                        "name": "AuAGroup",
                        "type": "nvarchar"
                    },
                    {
                        "name": "ClientCountGroup",
                        "type": "nvarchar"
                    },
                    {
                        "name": "PracticeAVG",
                        "type": "decimal",
                        "precision": 29,
                        "scale": 17
                    },
                    {
                        "name": "AssistantAVG",
                        "type": "decimal",
                        "precision": 29,
                        "scale": 17
                    },
                    {
                        "name": "PracticeRank",
                        "type": "nvarchar"
                    },
                    {
                        "name": "AssistantRank",
                        "type": "nvarchar"
                    },
                    {
                        "name": "MagicNumberPractice",
                        "type": "nvarchar"
                    },
                    {
                        "name": "MagicNumberAssistant",
                        "type": "nvarchar"
                    }
                ],
                "typeProperties": {
                    "schema": "dbo",
                    "table": "xPlanStatsKPI"
                }
            },
            "dependsOn": []
        },
        {
            "name": "[concat(parameters('factoryName'), '/xPlanStatsKPIStgSQL')]",
            "type": "Microsoft.DataFactory/factories/datasets",
            "apiVersion": "2018-06-01",
            "properties": {
                "linkedServiceName": {
                    "referenceName": "StgSQLNew30042024",
                    "type": "LinkedServiceReference"
                },
                "annotations": [],
                "type": "AzureSqlTable",
                "schema": [
                    {
                        "name": "Xpusercode",
                        "type": "int",
                        "precision": 10
                    },
                    {
                        "name": "MISReportingDate",
                        "type": "nvarchar"
                    },
                    {
                        "name": "xPlan Stats user",
                        "type": "nvarchar"
                    },
                    {
                        "name": "Partner",
                        "type": "nvarchar"
                    },
                    {
                        "name": "Assistant",
                        "type": "nvarchar"
                    },
                    {
                        "name": "AuAGroup",
                        "type": "nvarchar"
                    },
                    {
                        "name": "ClientCountGroup",
                        "type": "nvarchar"
                    },
                    {
                        "name": "PracticeAVG",
                        "type": "decimal",
                        "precision": 38,
                        "scale": 21
                    },
                    {
                        "name": "AssistantAVG",
                        "type": "decimal",
                        "precision": 29,
                        "scale": 17
                    },
                    {
                        "name": "PracticeRank",
                        "type": "nvarchar"
                    },
                    {
                        "name": "AssistantRank",
                        "type": "nvarchar"
                    },
                    {
                        "name": "MagicNumberPractice",
                        "type": "nvarchar"
                    },
                    {
                        "name": "MagicNumberAssistant",
                        "type": "nvarchar"
                    }
                ],
                "typeProperties": {
                    "schema": "dbo",
                    "table": "xPlanStatsKPI"
                }
            },
            "dependsOn": []
        },
        {
            "name": "[concat(parameters('factoryName'), '/AUADevSQL')]",
            "type": "Microsoft.DataFactory/factories/datasets",
            "apiVersion": "2018-06-01",
            "properties": {
                "linkedServiceName": {
                    "referenceName": "DevSQLNew30042024",
                    "type": "LinkedServiceReference"
                },
                "annotations": [],
                "type": "AzureSqlTable",
                "schema": [
                    {
                        "name": "PARTNER",
                        "type": "nvarchar"
                    },
                    {
                        "name": "XPUSERCODE",
                        "type": "int",
                        "precision": 10
                    },
                    {
                        "name": "ENTITYSTATUSAUA",
                        "type": "nvarchar"
                    },
                    {
                        "name": "SQL_PARTNER_CHECK",
                        "type": "int",
                        "precision": 10
                    },
                    {
                        "name": "AWXCLIENT",
                        "type": "nvarchar"
                    },
                    {
                        "name": "ENTITYID",
                        "type": "nvarchar"
                    },
                    {
                        "name": "PRODUCT",
                        "type": "nvarchar"
                    },
                    {
                        "name": "FUND",
                        "type": "nvarchar"
                    },
                    {
                        "name": "ENHANCEDMAPPINGAUA",
                        "type": "nvarchar"
                    },
                    {
                        "name": "ASSETVALUE",
                        "type": "decimal",
                        "precision": 29,
                        "scale": 17
                    },
                    {
                        "name": "PRODUCTPROVIDER",
                        "type": "nvarchar"
                    },
                    {
                        "name": "POLICYNUMBER",
                        "type": "nvarchar"
                    },
                    {
                        "name": "DATEMONTHSQL",
                        "type": "date"
                    },
                    {
                        "name": "CASHPROVIDER",
                        "type": "nvarchar"
                    }
                ],
                "typeProperties": {
                    "schema": "dbo",
                    "table": "AUA"
                }
            },
            "dependsOn": []
        },
        {
            "name": "[concat(parameters('factoryName'), '/AUAStgSQL')]",
            "type": "Microsoft.DataFactory/factories/datasets",
            "apiVersion": "2018-06-01",
            "properties": {
                "linkedServiceName": {
                    "referenceName": "StgSQLNew30042024",
                    "type": "LinkedServiceReference"
                },
                "annotations": [],
                "type": "AzureSqlTable",
                "schema": [
                    {
                        "name": "PARTNER",
                        "type": "nvarchar"
                    },
                    {
                        "name": "XPUSERCODE",
                        "type": "int",
                        "precision": 10
                    },
                    {
                        "name": "ENTITYSTATUSAUA",
                        "type": "nvarchar"
                    },
                    {
                        "name": "SQL_PARTNER_CHECK",
                        "type": "int",
                        "precision": 10
                    },
                    {
                        "name": "AWXCLIENT",
                        "type": "nvarchar"
                    },
                    {
                        "name": "ENTITYID",
                        "type": "nvarchar"
                    },
                    {
                        "name": "PRODUCT",
                        "type": "nvarchar"
                    },
                    {
                        "name": "FUND",
                        "type": "nvarchar"
                    },
                    {
                        "name": "ENHANCEDMAPPINGAUA",
                        "type": "nvarchar"
                    },
                    {
                        "name": "ASSETVALUE",
                        "type": "decimal",
                        "precision": 29,
                        "scale": 17
                    },
                    {
                        "name": "PRODUCTPROVIDER",
                        "type": "nvarchar"
                    },
                    {
                        "name": "POLICYNUMBER",
                        "type": "nvarchar"
                    },
                    {
                        "name": "DATEMONTHSQL",
                        "type": "date"
                    },
                    {
                        "name": "CASHPROVIDER",
                        "type": "nvarchar"
                    }
                ],
                "typeProperties": {
                    "schema": "dbo",
                    "table": "AUA"
                }
            },
            "dependsOn": []
        },
        {
            "name": "[concat(parameters('factoryName'), '/AUMDevSQL')]",
            "type": "Microsoft.DataFactory/factories/datasets",
            "apiVersion": "2018-06-01",
            "properties": {
                "linkedServiceName": {
                    "referenceName": "DevSQLNew30042024",
                    "type": "LinkedServiceReference"
                },
                "annotations": [],
                "type": "AzureSqlTable",
                "schema": [
                    {
                        "name": "PRODUCTAUM",
                        "type": "nvarchar"
                    },
                    {
                        "name": "POLICYNUMBERAUM",
                        "type": "nvarchar"
                    },
                    {
                        "name": "PARTNERAUM",
                        "type": "nvarchar"
                    },
                    {
                        "name": "AWXCLIENTAUM",
                        "type": "nvarchar"
                    },
                    {
                        "name": "ENTITYIDAUM",
                        "type": "nvarchar"
                    },
                    {
                        "name": "CLIENT_NAME_MAP_EVAL_AUM",
                        "type": "nvarchar"
                    },
                    {
                        "name": "PRODUCTPROVIDERAUM",
                        "type": "nvarchar"
                    },
                    {
                        "name": "MAPPEDPRODUCTPROVIDERAUM",
                        "type": "nvarchar"
                    },
                    {
                        "name": "DATEMONTHAUM",
                        "type": "nvarchar"
                    },
                    {
                        "name": "DATEMONTHSQL",
                        "type": "date"
                    },
                    {
                        "name": "IDAUM",
                        "type": "nvarchar"
                    },
                    {
                        "name": "SOURCECLIENTAUM",
                        "type": "nvarchar"
                    },
                    {
                        "name": "FUNDNAMEAUM",
                        "type": "nvarchar"
                    },
                    {
                        "name": "ASSETVALUEAUM",
                        "type": "decimal",
                        "precision": 29,
                        "scale": 17
                    },
                    {
                        "name": "XPUSERCODEAUM",
                        "type": "int",
                        "precision": 10
                    },
                    {
                        "name": "SQL_PARTNER_CHECK_AUM",
                        "type": "int",
                        "precision": 10
                    },
                    {
                        "name": "TAGAUM",
                        "type": "nvarchar"
                    }
                ],
                "typeProperties": {
                    "schema": "dbo",
                    "table": "AUM"
                }
            },
            "dependsOn": []
        },
        {
            "name": "[concat(parameters('factoryName'), '/AUMQVOutput30042024')]",
            "type": "Microsoft.DataFactory/factories/datasets",
            "apiVersion": "2018-06-01",
            "properties": {
                "linkedServiceName": {
                    "referenceName": "AdviceworxSFTP",
                    "type": "LinkedServiceReference"
                },
                "annotations": [],
                "type": "DelimitedText",
                "typeProperties": {
                    "location": {
                        "type": "SftpLocation",
                        "fileName": "AuM_SQL - Oct'24v2.csv",
                        "folderPath": "/AdviceworxSFTP/MIS_Team/Monthly Data Push To SQL"
                    },
                    "columnDelimiter": ",",
                    "escapeChar": "\\",
                    "firstRowAsHeader": true,
                    "quoteChar": "\""
                },
                "schema": [
                    {
                        "name": "PRODUCTAUM",
                        "type": "String"
                    },
                    {
                        "name": "POLICYNUMBERAUM",
                        "type": "String"
                    },
                    {
                        "name": "PARTNERAUM",
                        "type": "String"
                    },
                    {
                        "name": "AWXCLIENTAUM",
                        "type": "String"
                    },
                    {
                        "name": "ENTITYIDAUM",
                        "type": "String"
                    },
                    {
                        "name": "CLIENT_NAME_MAP_EVAL_AUM",
                        "type": "String"
                    },
                    {
                        "name": "PRODUCTPROVIDERAUM",
                        "type": "String"
                    },
                    {
                        "name": "MAPPEDPRODUCTPROVIDERAUM",
                        "type": "String"
                    },
                    {
                        "name": "DATEMONTHAUM",
                        "type": "String"
                    },
                    {
                        "name": "DATEMONTHSQL",
                        "type": "String"
                    },
                    {
                        "name": "IDAUM",
                        "type": "String"
                    },
                    {
                        "name": "SOURCECLIENTAUM",
                        "type": "String"
                    },
                    {
                        "name": "FUNDNAMEAUM",
                        "type": "String"
                    },
                    {
                        "name": "ASSETVALUEAUM",
                        "type": "String"
                    },
                    {
                        "name": "XPUSERCODEAUM",
                        "type": "String"
                    },
                    {
                        "name": "SQL_PARTNER_CHECK_AUM",
                        "type": "String"
                    },
                    {
                        "name": "TAGAUM",
                        "type": "String"
                    }
                ]
            },
            "dependsOn": []
        },
        {
            "name": "[concat(parameters('factoryName'), '/AUMStgSQL')]",
            "type": "Microsoft.DataFactory/factories/datasets",
            "apiVersion": "2018-06-01",
            "properties": {
                "linkedServiceName": {
                    "referenceName": "StgSQLNew30042024",
                    "type": "LinkedServiceReference"
                },
                "annotations": [],
                "type": "AzureSqlTable",
                "schema": [
                    {
                        "name": "PRODUCTAUM",
                        "type": "nvarchar"
                    },
                    {
                        "name": "POLICYNUMBERAUM",
                        "type": "nvarchar"
                    },
                    {
                        "name": "PARTNERAUM",
                        "type": "nvarchar"
                    },
                    {
                        "name": "AWXCLIENTAUM",
                        "type": "nvarchar"
                    },
                    {
                        "name": "ENTITYIDAUM",
                        "type": "nvarchar"
                    },
                    {
                        "name": "CLIENT_NAME_MAP_EVAL_AUM",
                        "type": "nvarchar"
                    },
                    {
                        "name": "PRODUCTPROVIDERAUM",
                        "type": "nvarchar"
                    },
                    {
                        "name": "MAPPEDPRODUCTPROVIDERAUM",
                        "type": "nvarchar"
                    },
                    {
                        "name": "DATEMONTHAUM",
                        "type": "nvarchar"
                    },
                    {
                        "name": "DATEMONTHSQL",
                        "type": "date"
                    },
                    {
                        "name": "IDAUM",
                        "type": "nvarchar"
                    },
                    {
                        "name": "SOURCECLIENTAUM",
                        "type": "nvarchar"
                    },
                    {
                        "name": "FUNDNAMEAUM",
                        "type": "nvarchar"
                    },
                    {
                        "name": "ASSETVALUEAUM",
                        "type": "decimal",
                        "precision": 29,
                        "scale": 17
                    },
                    {
                        "name": "XPUSERCODEAUM",
                        "type": "int",
                        "precision": 10
                    },
                    {
                        "name": "SQL_PARTNER_CHECK_AUM",
                        "type": "int",
                        "precision": 10
                    },
                    {
                        "name": "TAGAUM",
                        "type": "nvarchar"
                    }
                ],
                "typeProperties": {
                    "schema": "dbo",
                    "table": "AUM"
                }
            },
            "dependsOn": []
        },
        {
            "name": "[concat(parameters('factoryName'), '/RevenueQVOutput30042023')]",
            "type": "Microsoft.DataFactory/factories/datasets",
            "apiVersion": "2018-06-01",
            "properties": {
                "linkedServiceName": {
                    "referenceName": "AdviceworxSFTP",
                    "type": "LinkedServiceReference"
                },
                "annotations": [],
                "type": "DelimitedText",
                "typeProperties": {
                    "location": {
                        "type": "SftpLocation",
                        "fileName": "Revenue.csv",
                        "folderPath": "/AdviceworxSFTP/MIS_Team/Monthly Data Push To SQL"
                    },
                    "columnDelimiter": ",",
                    "escapeChar": "\\",
                    "firstRowAsHeader": true,
                    "quoteChar": "\""
                },
                "schema": [
                    {
                        "name": "Statement Date",
                        "type": "String"
                    },
                    {
                        "name": "Client Name",
                        "type": "String"
                    },
                    {
                        "name": "Entity ID",
                        "type": "String"
                    },
                    {
                        "name": "Partner",
                        "type": "String"
                    },
                    {
                        "name": "XPUserCode",
                        "type": "String"
                    },
                    {
                        "name": "SQL Partner Check",
                        "type": "String"
                    },
                    {
                        "name": "Policy Number",
                        "type": "String"
                    },
                    {
                        "name": "Supplier",
                        "type": "String"
                    },
                    {
                        "name": "Product",
                        "type": "String"
                    },
                    {
                        "name": "Product Classification",
                        "type": "String"
                    },
                    {
                        "name": "Main Revenue Type",
                        "type": "String"
                    },
                    {
                        "name": "Revenue Type",
                        "type": "String"
                    },
                    {
                        "name": "Net Amount",
                        "type": "String"
                    },
                    {
                        "name": "Tax Amount",
                        "type": "String"
                    },
                    {
                        "name": "Gross Amount",
                        "type": "String"
                    },
                    {
                        "name": "Statement Account",
                        "type": "String"
                    },
                    {
                        "name": "Matched Payment Period",
                        "type": "String"
                    },
                    {
                        "name": "Account GL Income",
                        "type": "String"
                    },
                    {
                        "name": "StatementName",
                        "type": "String"
                    },
                    {
                        "name": "RevenueSource",
                        "type": "String"
                    }
                ]
            },
            "dependsOn": []
        },
        {
            "name": "[concat(parameters('factoryName'), '/RevenueDevSQL')]",
            "type": "Microsoft.DataFactory/factories/datasets",
            "apiVersion": "2018-06-01",
            "properties": {
                "linkedServiceName": {
                    "referenceName": "DevSQLNew30042024",
                    "type": "LinkedServiceReference"
                },
                "annotations": [],
                "type": "AzureSqlTable",
                "schema": [
                    {
                        "name": "STATEMENT_DATE",
                        "type": "date"
                    },
                    {
                        "name": "CLIENT_NAME",
                        "type": "nvarchar"
                    },
                    {
                        "name": "ENTITY_ID",
                        "type": "int",
                        "precision": 10
                    },
                    {
                        "name": "PARTNER",
                        "type": "nvarchar"
                    },
                    {
                        "name": "XPUSERCODE",
                        "type": "int",
                        "precision": 10
                    },
                    {
                        "name": "SQL_PARTNER_CHECK",
                        "type": "int",
                        "precision": 10
                    },
                    {
                        "name": "POLICY_NUMBER",
                        "type": "nvarchar"
                    },
                    {
                        "name": "SUPPLIER",
                        "type": "nvarchar"
                    },
                    {
                        "name": "PRODUCT",
                        "type": "nvarchar"
                    },
                    {
                        "name": "PRODUCT_CLASSIFICATION",
                        "type": "nvarchar"
                    },
                    {
                        "name": "MAIN_REVENUE_TYPE",
                        "type": "nvarchar"
                    },
                    {
                        "name": "REVENUE_TYPE",
                        "type": "nvarchar"
                    },
                    {
                        "name": "NET_AMOUNT",
                        "type": "decimal",
                        "precision": 29,
                        "scale": 17
                    },
                    {
                        "name": "TAX_AMOUNT",
                        "type": "decimal",
                        "precision": 29,
                        "scale": 17
                    },
                    {
                        "name": "GROSS_AMOUNT",
                        "type": "decimal",
                        "precision": 29,
                        "scale": 17
                    },
                    {
                        "name": "STATEMENT_ACCOUNT",
                        "type": "nvarchar"
                    },
                    {
                        "name": "MATCHED_PAYMENT_PERIOD",
                        "type": "nvarchar"
                    },
                    {
                        "name": "ACCOUNT_GL_INCOME",
                        "type": "nvarchar"
                    }
                ],
                "typeProperties": {
                    "schema": "dbo",
                    "table": "REVENUE"
                }
            },
            "dependsOn": []
        },
        {
            "name": "[concat(parameters('factoryName'), '/RevenueStgSQL')]",
            "type": "Microsoft.DataFactory/factories/datasets",
            "apiVersion": "2018-06-01",
            "properties": {
                "linkedServiceName": {
                    "referenceName": "StgSQLNew30042024",
                    "type": "LinkedServiceReference"
                },
                "annotations": [],
                "type": "AzureSqlTable",
                "schema": [
                    {
                        "name": "STATEMENT_DATE",
                        "type": "date"
                    },
                    {
                        "name": "CLIENT_NAME",
                        "type": "nvarchar"
                    },
                    {
                        "name": "ENTITY_ID",
                        "type": "int",
                        "precision": 10
                    },
                    {
                        "name": "PARTNER",
                        "type": "nvarchar"
                    },
                    {
                        "name": "XPUSERCODE",
                        "type": "int",
                        "precision": 10
                    },
                    {
                        "name": "SQL_PARTNER_CHECK",
                        "type": "int",
                        "precision": 10
                    },
                    {
                        "name": "POLICY_NUMBER",
                        "type": "nvarchar"
                    },
                    {
                        "name": "SUPPLIER",
                        "type": "nvarchar"
                    },
                    {
                        "name": "PRODUCT",
                        "type": "nvarchar"
                    },
                    {
                        "name": "PRODUCT_CLASSIFICATION",
                        "type": "nvarchar"
                    },
                    {
                        "name": "MAIN_REVENUE_TYPE",
                        "type": "nvarchar"
                    },
                    {
                        "name": "REVENUE_TYPE",
                        "type": "nvarchar"
                    },
                    {
                        "name": "NET_AMOUNT",
                        "type": "decimal",
                        "precision": 29,
                        "scale": 17
                    },
                    {
                        "name": "TAX_AMOUNT",
                        "type": "decimal",
                        "precision": 29,
                        "scale": 17
                    },
                    {
                        "name": "GROSS_AMOUNT",
                        "type": "decimal",
                        "precision": 29,
                        "scale": 17
                    },
                    {
                        "name": "STATEMENT_ACCOUNT",
                        "type": "nvarchar"
                    },
                    {
                        "name": "MATCHED_PAYMENT_PERIOD",
                        "type": "nvarchar"
                    },
                    {
                        "name": "ACCOUNT_GL_INCOME",
                        "type": "nvarchar"
                    }
                ],
                "typeProperties": {
                    "schema": "dbo",
                    "table": "REVENUE"
                }
            },
            "dependsOn": []
        },
        {
            "name": "[concat(parameters('factoryName'), '/AssistantKPITrendsDevSQL')]",
            "type": "Microsoft.DataFactory/factories/datasets",
            "apiVersion": "2018-06-01",
            "properties": {
                "linkedServiceName": {
                    "referenceName": "DevSQLNew30042024",
                    "type": "LinkedServiceReference"
                },
                "annotations": [],
                "type": "AzureSqlTable",
                "schema": [
                    {
                        "name": "POM",
                        "type": "nvarchar"
                    },
                    {
                        "name": "Partner",
                        "type": "nvarchar"
                    },
                    {
                        "name": "Assistant",
                        "type": "nvarchar"
                    },
                    {
                        "name": "Date Month",
                        "type": "date"
                    },
                    {
                        "name": "xPlan Activity",
                        "type": "decimal",
                        "precision": 38,
                        "scale": 2
                    },
                    {
                        "name": "Compliance",
                        "type": "nvarchar"
                    },
                    {
                        "name": "FICA",
                        "type": "decimal",
                        "precision": 38,
                        "scale": 2
                    },
                    {
                        "name": "Reviews",
                        "type": "decimal",
                        "precision": 38,
                        "scale": 2
                    },
                    {
                        "name": "Book Price",
                        "type": "decimal",
                        "precision": 38,
                        "scale": 2
                    },
                    {
                        "name": "Lodgement",
                        "type": "decimal",
                        "precision": 38,
                        "scale": 2
                    },
                    {
                        "name": "Integration",
                        "type": "decimal",
                        "precision": 38,
                        "scale": 2
                    },
                    {
                        "name": "MAPP",
                        "type": "decimal",
                        "precision": 38,
                        "scale": 2
                    },
                    {
                        "name": "Suspense",
                        "type": "decimal",
                        "precision": 38,
                        "scale": 2
                    },
                    {
                        "name": "Total Score (40 or 45",
                        "type": "decimal",
                        "precision": 38,
                        "scale": 2
                    },
                    {
                        "name": "Total Score 5",
                        "type": "decimal",
                        "precision": 38,
                        "scale": 2
                    },
                    {
                        "name": "XPusercode",
                        "type": "int",
                        "precision": 10
                    },
                    {
                        "name": "Assistants Emails",
                        "type": "nvarchar"
                    },
                    {
                        "name": "MAPP Data Pull",
                        "type": "datetime",
                        "precision": 23,
                        "scale": 3
                    }
                ],
                "typeProperties": {
                    "schema": "dbo",
                    "table": "Assistant KPI Trends"
                }
            },
            "dependsOn": []
        },
        {
            "name": "[concat(parameters('factoryName'), '/AssistantKPITrendsQVOutput30042023')]",
            "type": "Microsoft.DataFactory/factories/datasets",
            "apiVersion": "2018-06-01",
            "properties": {
                "linkedServiceName": {
                    "referenceName": "AdviceworxSFTP",
                    "type": "LinkedServiceReference"
                },
                "annotations": [],
                "type": "Excel",
                "typeProperties": {
                    "sheetName": "Sheet1",
                    "location": {
                        "type": "SftpLocation",
                        "fileName": "NAV - KPI Trend_Oct'24v2.xlsx",
                        "folderPath": "/AdviceworxSFTP/MIS_Team/Monthly Data Push To SQL"
                    },
                    "firstRowAsHeader": true
                },
                "schema": [
                    {
                        "name": "POM",
                        "type": "String"
                    },
                    {
                        "name": "Partner",
                        "type": "String"
                    },
                    {
                        "name": "Assistant",
                        "type": "String"
                    },
                    {
                        "name": "XPusercode",
                        "type": "String"
                    },
                    {
                        "name": "AssistantEmail",
                        "type": "String"
                    },
                    {
                        "name": "Date Month",
                        "type": "String"
                    },
                    {
                        "name": "xPlan Activity",
                        "type": "String"
                    },
                    {
                        "name": "Compliance",
                        "type": "String"
                    },
                    {
                        "name": "Reviews",
                        "type": "String"
                    },
                    {
                        "name": "FICA",
                        "type": "String"
                    },
                    {
                        "name": "Lodgement",
                        "type": "String"
                    },
                    {
                        "name": "Integration",
                        "type": "String"
                    },
                    {
                        "name": "Mapp",
                        "type": "String"
                    },
                    {
                        "name": "Suspense",
                        "type": "String"
                    },
                    {
                        "name": "Total Score (35 or 40)",
                        "type": "String"
                    },
                    {
                        "name": "Total Score (5)",
                        "type": "String"
                    },
                    {
                        "name": "MAPP Data Pull",
                        "type": "String"
                    }
                ]
            },
            "dependsOn": []
        },
        {
            "name": "[concat(parameters('factoryName'), '/SuspensePrdSQL')]",
            "type": "Microsoft.DataFactory/factories/datasets",
            "apiVersion": "2018-06-01",
            "properties": {
                "linkedServiceName": {
                    "referenceName": "PrdSQLNew30042024",
                    "type": "LinkedServiceReference"
                },
                "annotations": [],
                "type": "AzureSqlTable",
                "schema": [
                    {
                        "name": "Xpusercode",
                        "type": "int",
                        "precision": 10
                    },
                    {
                        "name": "MISReportingDate",
                        "type": "date"
                    },
                    {
                        "name": "Partner",
                        "type": "nvarchar"
                    },
                    {
                        "name": "TotalAmount",
                        "type": "decimal",
                        "precision": 29,
                        "scale": 17
                    },
                    {
                        "name": "30DayPlusAmount",
                        "type": "decimal",
                        "precision": 29,
                        "scale": 17
                    },
                    {
                        "name": "20to30DayAmount",
                        "type": "decimal",
                        "precision": 29,
                        "scale": 17
                    },
                    {
                        "name": "10to20DayAmount",
                        "type": "decimal",
                        "precision": 29,
                        "scale": 17
                    },
                    {
                        "name": "1to10DayAmount",
                        "type": "decimal",
                        "precision": 29,
                        "scale": 17
                    },
                    {
                        "name": "0DayAmount",
                        "type": "decimal",
                        "precision": 29,
                        "scale": 17
                    }
                ],
                "typeProperties": {
                    "schema": "dbo",
                    "table": "Suspense"
                }
            },
            "dependsOn": []
        },
        {
            "name": "[concat(parameters('factoryName'), '/AssistantKPITrendsStgSQL')]",
            "type": "Microsoft.DataFactory/factories/datasets",
            "apiVersion": "2018-06-01",
            "properties": {
                "linkedServiceName": {
                    "referenceName": "StgSQLNew30042024",
                    "type": "LinkedServiceReference"
                },
                "annotations": [],
                "type": "AzureSqlTable",
                "schema": [
                    {
                        "name": "POM",
                        "type": "nvarchar"
                    },
                    {
                        "name": "Partner",
                        "type": "nvarchar"
                    },
                    {
                        "name": "Assistant",
                        "type": "nvarchar"
                    },
                    {
                        "name": "Date Month",
                        "type": "date"
                    },
                    {
                        "name": "xPlan Activity",
                        "type": "decimal",
                        "precision": 38,
                        "scale": 2
                    },
                    {
                        "name": "Compliance",
                        "type": "nvarchar"
                    },
                    {
                        "name": "FICA",
                        "type": "decimal",
                        "precision": 38,
                        "scale": 2
                    },
                    {
                        "name": "Reviews",
                        "type": "decimal",
                        "precision": 38,
                        "scale": 2
                    },
                    {
                        "name": "Book Price",
                        "type": "decimal",
                        "precision": 38,
                        "scale": 2
                    },
                    {
                        "name": "Lodgement",
                        "type": "decimal",
                        "precision": 38,
                        "scale": 2
                    },
                    {
                        "name": "Integration",
                        "type": "decimal",
                        "precision": 38,
                        "scale": 2
                    },
                    {
                        "name": "MAPP",
                        "type": "decimal",
                        "precision": 38,
                        "scale": 2
                    },
                    {
                        "name": "Suspense",
                        "type": "decimal",
                        "precision": 38,
                        "scale": 2
                    },
                    {
                        "name": "Total Score (40 or 45",
                        "type": "decimal",
                        "precision": 38,
                        "scale": 2
                    },
                    {
                        "name": "Total Score 5",
                        "type": "decimal",
                        "precision": 38,
                        "scale": 2
                    },
                    {
                        "name": "XPusercode",
                        "type": "int",
                        "precision": 10
                    },
                    {
                        "name": "Assistants Emails",
                        "type": "nvarchar"
                    },
                    {
                        "name": "MAPP Data Pull",
                        "type": "datetime",
                        "precision": 23,
                        "scale": 3
                    }
                ],
                "typeProperties": {
                    "schema": "dbo",
                    "table": "Assistant KPI Trends"
                }
            },
            "dependsOn": []
        }
    ]
}