{
    "$schema": "http://schema.management.azure.com/schemas/2015-01-01/deploymentTemplate.json#",
    "contentVersion": "1.0.0.0",
    "parameters": {
        "factoryName": {
            "type": "string",
            "metadata": "Data Factory name",
            "defaultValue": "CompassAPICalls"
        }
    },
    "variables": {
        "factoryId": "[concat('Microsoft.DataFactory/factories/', parameters('factoryName'))]"
    },
    "resources": [
        {
            "name": "[concat(parameters('factoryName'), '/PEPToSTG')]",
            "type": "Microsoft.DataFactory/factories/datasets",
            "apiVersion": "2018-06-01",
            "properties": {
                "linkedServiceName": {
                    "referenceName": "StagingLinkedService",
                    "type": "LinkedServiceReference"
                },
                "annotations": [],
                "type": "AzureSqlTable",
                "schema": [
                    {
                        "name": "Partner Name",
                        "type": "nvarchar"
                    },
                    {
                        "name": "XPUserCode",
                        "type": "int",
                        "precision": 10
                    },
                    {
                        "name": "SQLPartnerCheck",
                        "type": "int",
                        "precision": 10
                    },
                    {
                        "name": "Tenure",
                        "type": "int",
                        "precision": 10
                    },
                    {
                        "name": "Current",
                        "type": "int",
                        "precision": 10
                    },
                    {
                        "name": "Projected",
                        "type": "int",
                        "precision": 10
                    }
                ],
                "typeProperties": {
                    "schema": "dbo",
                    "table": "PRACTISE_VALUATION_CONTRACTUAL_COMMITMENT"
                }
            },
            "dependsOn": []
        },
        {
            "name": "[concat(parameters('factoryName'), '/AzureAUAToPRD')]",
            "type": "Microsoft.DataFactory/factories/datasets",
            "apiVersion": "2018-06-01",
            "properties": {
                "linkedServiceName": {
                    "referenceName": "AzureSqlSuspensetoPRD",
                    "type": "LinkedServiceReference"
                },
                "annotations": [],
                "type": "AzureSqlTable",
                "schema": [
                    {
                        "name": "PARTNER",
                        "type": "nvarchar"
                    },
                    {
                        "name": "XPUSERCODE",
                        "type": "int",
                        "precision": 10
                    },
                    {
                        "name": "ENTITYSTATUSAUA",
                        "type": "nvarchar"
                    },
                    {
                        "name": "SQL_PARTNER_CHECK",
                        "type": "nvarchar"
                    },
                    {
                        "name": "AWXCLIENT",
                        "type": "nvarchar"
                    },
                    {
                        "name": "ENTITYID",
                        "type": "nvarchar"
                    },
                    {
                        "name": "PRODUCT",
                        "type": "nvarchar"
                    },
                    {
                        "name": "FUND",
                        "type": "nvarchar"
                    },
                    {
                        "name": "ENHANCEDMAPPINGAUA",
                        "type": "nvarchar"
                    },
                    {
                        "name": "ASSETVALUE",
                        "type": "decimal",
                        "precision": 29,
                        "scale": 17
                    },
                    {
                        "name": "PRODUCTPROVIDER",
                        "type": "nvarchar"
                    },
                    {
                        "name": "POLICYNUMBER",
                        "type": "nvarchar"
                    },
                    {
                        "name": "DATEMONTHSQL",
                        "type": "date"
                    },
                    {
                        "name": "CASHPROVIDER",
                        "type": "nvarchar"
                    }
                ],
                "typeProperties": {
                    "schema": "dbo",
                    "table": "AUA"
                }
            },
            "dependsOn": []
        },
        {
            "name": "[concat(parameters('factoryName'), '/AUAToPRD')]",
            "type": "Microsoft.DataFactory/factories/datasets",
            "apiVersion": "2018-06-01",
            "properties": {
                "linkedServiceName": {
                    "referenceName": "AzureSqlSuspensetoPRD",
                    "type": "LinkedServiceReference"
                },
                "annotations": [],
                "type": "AzureSqlTable",
                "schema": [
                    {
                        "name": "PARTNER",
                        "type": "nvarchar"
                    },
                    {
                        "name": "XPUSERCODE",
                        "type": "int",
                        "precision": 10
                    },
                    {
                        "name": "ENTITYSTATUSAUA",
                        "type": "nvarchar"
                    },
                    {
                        "name": "SQL_PARTNER_CHECK",
                        "type": "nvarchar"
                    },
                    {
                        "name": "AWXCLIENT",
                        "type": "nvarchar"
                    },
                    {
                        "name": "ENTITYID",
                        "type": "nvarchar"
                    },
                    {
                        "name": "PRODUCT",
                        "type": "nvarchar"
                    },
                    {
                        "name": "FUND",
                        "type": "nvarchar"
                    },
                    {
                        "name": "ENHANCEDMAPPINGAUA",
                        "type": "nvarchar"
                    },
                    {
                        "name": "ASSETVALUE",
                        "type": "decimal",
                        "precision": 29,
                        "scale": 17
                    },
                    {
                        "name": "PRODUCTPROVIDER",
                        "type": "nvarchar"
                    },
                    {
                        "name": "POLICYNUMBER",
                        "type": "nvarchar"
                    },
                    {
                        "name": "DATEMONTHSQL",
                        "type": "date"
                    },
                    {
                        "name": "CASHPROVIDER",
                        "type": "nvarchar"
                    }
                ],
                "typeProperties": {
                    "schema": "dbo",
                    "table": "AUA"
                }
            },
            "dependsOn": []
        },
        {
            "name": "[concat(parameters('factoryName'), '/AzureRevenueFromStaging')]",
            "type": "Microsoft.DataFactory/factories/datasets",
            "apiVersion": "2018-06-01",
            "properties": {
                "linkedServiceName": {
                    "referenceName": "StagingLinkedService",
                    "type": "LinkedServiceReference"
                },
                "annotations": [],
                "type": "AzureSqlTable",
                "schema": [
                    {
                        "name": "STATEMENT_DATE",
                        "type": "date"
                    },
                    {
                        "name": "CLIENT_NAME",
                        "type": "nvarchar"
                    },
                    {
                        "name": "ENTITY_ID",
                        "type": "nvarchar"
                    },
                    {
                        "name": "PARTNER",
                        "type": "nvarchar"
                    },
                    {
                        "name": "XPUSERCODE",
                        "type": "int",
                        "precision": 10
                    },
                    {
                        "name": "SQL_PARTNER_CHECK",
                        "type": "nvarchar"
                    },
                    {
                        "name": "POLICY_NUMBER",
                        "type": "nvarchar"
                    },
                    {
                        "name": "SUPPLIER",
                        "type": "nvarchar"
                    },
                    {
                        "name": "PRODUCT",
                        "type": "nvarchar"
                    },
                    {
                        "name": "PRODUCT_CLASSIFICATION",
                        "type": "nvarchar"
                    },
                    {
                        "name": "MAIN_REVENUE_TYPE",
                        "type": "nvarchar"
                    },
                    {
                        "name": "REVENUE_TYPE",
                        "type": "nvarchar"
                    },
                    {
                        "name": "NET_AMOUNT",
                        "type": "decimal",
                        "precision": 29,
                        "scale": 17
                    },
                    {
                        "name": "TAX_AMOUNT",
                        "type": "decimal",
                        "precision": 29,
                        "scale": 17
                    },
                    {
                        "name": "GROSS_AMOUNT",
                        "type": "decimal",
                        "precision": 29,
                        "scale": 17
                    },
                    {
                        "name": "STATEMENT_ACCOUNT",
                        "type": "nvarchar"
                    },
                    {
                        "name": "MATCHED_PAYMENT_PERIOD",
                        "type": "nvarchar"
                    },
                    {
                        "name": "ACCOUNT_GL_INCOME",
                        "type": "nvarchar"
                    }
                ],
                "typeProperties": {
                    "schema": "dbo",
                    "table": "REVENUE"
                }
            },
            "dependsOn": []
        },
        {
            "name": "[concat(parameters('factoryName'), '/AssistantKPITrendsToPrd')]",
            "type": "Microsoft.DataFactory/factories/datasets",
            "apiVersion": "2018-06-01",
            "properties": {
                "linkedServiceName": {
                    "referenceName": "AzureSqlSuspensetoPRD",
                    "type": "LinkedServiceReference"
                },
                "annotations": [],
                "type": "AzureSqlTable",
                "schema": [
                    {
                        "name": "POM",
                        "type": "nvarchar"
                    },
                    {
                        "name": "Partner",
                        "type": "nvarchar"
                    },
                    {
                        "name": "Assistant",
                        "type": "nvarchar"
                    },
                    {
                        "name": "Date Month",
                        "type": "date"
                    },
                    {
                        "name": "xPlan Activity",
                        "type": "decimal",
                        "precision": 38,
                        "scale": 2
                    },
                    {
                        "name": "Compliance",
                        "type": "nvarchar"
                    },
                    {
                        "name": "FICA",
                        "type": "decimal",
                        "precision": 38,
                        "scale": 2
                    },
                    {
                        "name": "Reviews",
                        "type": "decimal",
                        "precision": 38,
                        "scale": 2
                    },
                    {
                        "name": "Book Price",
                        "type": "decimal",
                        "precision": 38,
                        "scale": 2
                    },
                    {
                        "name": "Lodgement",
                        "type": "decimal",
                        "precision": 38,
                        "scale": 2
                    },
                    {
                        "name": "Integration",
                        "type": "decimal",
                        "precision": 38,
                        "scale": 2
                    },
                    {
                        "name": "MAPP",
                        "type": "decimal",
                        "precision": 38,
                        "scale": 2
                    },
                    {
                        "name": "Suspense",
                        "type": "decimal",
                        "precision": 38,
                        "scale": 2
                    },
                    {
                        "name": "Total Score (40 or 45",
                        "type": "decimal",
                        "precision": 38,
                        "scale": 2
                    },
                    {
                        "name": "Total Score 5",
                        "type": "decimal",
                        "precision": 38,
                        "scale": 2
                    },
                    {
                        "name": "XPusercode",
                        "type": "int",
                        "precision": 10
                    },
                    {
                        "name": "Assistants Emails",
                        "type": "nvarchar"
                    }
                ],
                "typeProperties": {
                    "schema": "dbo",
                    "table": "Assistant KPI Trends"
                }
            },
            "dependsOn": []
        },
        {
            "name": "[concat(parameters('factoryName'), '/AssistantKPITrendsFromSTG')]",
            "type": "Microsoft.DataFactory/factories/datasets",
            "apiVersion": "2018-06-01",
            "properties": {
                "linkedServiceName": {
                    "referenceName": "StagingLinkedService",
                    "type": "LinkedServiceReference"
                },
                "annotations": [],
                "type": "AzureSqlTable",
                "schema": [
                    {
                        "name": "POM",
                        "type": "nvarchar"
                    },
                    {
                        "name": "Partner",
                        "type": "nvarchar"
                    },
                    {
                        "name": "Assistant",
                        "type": "nvarchar"
                    },
                    {
                        "name": "Date Month",
                        "type": "date"
                    },
                    {
                        "name": "xPlan Activity",
                        "type": "decimal",
                        "precision": 38,
                        "scale": 2
                    },
                    {
                        "name": "Compliance",
                        "type": "nvarchar"
                    },
                    {
                        "name": "FICA",
                        "type": "decimal",
                        "precision": 38,
                        "scale": 2
                    },
                    {
                        "name": "Reviews",
                        "type": "decimal",
                        "precision": 38,
                        "scale": 2
                    },
                    {
                        "name": "Book Price",
                        "type": "decimal",
                        "precision": 38,
                        "scale": 2
                    },
                    {
                        "name": "Lodgement",
                        "type": "decimal",
                        "precision": 38,
                        "scale": 2
                    },
                    {
                        "name": "Integration",
                        "type": "decimal",
                        "precision": 38,
                        "scale": 2
                    },
                    {
                        "name": "MAPP",
                        "type": "decimal",
                        "precision": 38,
                        "scale": 2
                    },
                    {
                        "name": "Suspense",
                        "type": "decimal",
                        "precision": 38,
                        "scale": 2
                    },
                    {
                        "name": "Total Score (40 or 45",
                        "type": "decimal",
                        "precision": 38,
                        "scale": 2
                    },
                    {
                        "name": "Total Score 5",
                        "type": "decimal",
                        "precision": 38,
                        "scale": 2
                    },
                    {
                        "name": "XPusercode",
                        "type": "int",
                        "precision": 10
                    },
                    {
                        "name": "Assistants Emails",
                        "type": "nvarchar"
                    }
                ],
                "typeProperties": {
                    "schema": "dbo",
                    "table": "Assistant KPI Trends"
                }
            },
            "dependsOn": []
        },
        {
            "name": "[concat(parameters('factoryName'), '/xPlanStatsDetailToPrd')]",
            "type": "Microsoft.DataFactory/factories/datasets",
            "apiVersion": "2018-06-01",
            "properties": {
                "linkedServiceName": {
                    "referenceName": "AzureSuspenseToPRD",
                    "type": "LinkedServiceReference"
                },
                "annotations": [],
                "type": "AzureSqlTable",
                "schema": [
                    {
                        "name": "Xpusercode",
                        "type": "int",
                        "precision": 10
                    },
                    {
                        "name": "XplanUser",
                        "type": "nvarchar"
                    },
                    {
                        "name": "XplanFieldName",
                        "type": "nvarchar"
                    },
                    {
                        "name": "Demographics",
                        "type": "nvarchar"
                    },
                    {
                        "name": "Management",
                        "type": "nvarchar"
                    },
                    {
                        "name": "Financials",
                        "type": "nvarchar"
                    }
                ],
                "typeProperties": {
                    "schema": "dbo",
                    "table": "xPlanStatsDetail"
                }
            },
            "dependsOn": []
        },
        {
            "name": "[concat(parameters('factoryName'), '/xPlanStatsDetailAzureFrmSTG')]",
            "type": "Microsoft.DataFactory/factories/datasets",
            "apiVersion": "2018-06-01",
            "properties": {
                "linkedServiceName": {
                    "referenceName": "StagingLinkedService",
                    "type": "LinkedServiceReference"
                },
                "annotations": [],
                "type": "AzureSqlTable",
                "schema": [
                    {
                        "name": "Xpusercode",
                        "type": "int",
                        "precision": 10
                    },
                    {
                        "name": "XplanUser",
                        "type": "nvarchar"
                    },
                    {
                        "name": "XplanFieldName",
                        "type": "nvarchar"
                    },
                    {
                        "name": "Demographics",
                        "type": "nvarchar"
                    },
                    {
                        "name": "Management",
                        "type": "nvarchar"
                    },
                    {
                        "name": "Financials",
                        "type": "nvarchar"
                    }
                ],
                "typeProperties": {
                    "schema": "dbo",
                    "table": "xPlanStatsKPI"
                }
            },
            "dependsOn": []
        },
        {
            "name": "[concat(parameters('factoryName'), '/xPlanStatsKPIFromSTG')]",
            "type": "Microsoft.DataFactory/factories/datasets",
            "apiVersion": "2018-06-01",
            "properties": {
                "linkedServiceName": {
                    "referenceName": "StagingLinkedService",
                    "type": "LinkedServiceReference"
                },
                "annotations": [],
                "type": "AzureSqlTable",
                "schema": [
                    {
                        "name": "Xpusercode",
                        "type": "int",
                        "precision": 10
                    },
                    {
                        "name": "MISReportingDate",
                        "type": "nvarchar"
                    },
                    {
                        "name": "xPlan Stats user",
                        "type": "nvarchar"
                    },
                    {
                        "name": "Partner",
                        "type": "nvarchar"
                    },
                    {
                        "name": "Assistant",
                        "type": "nvarchar"
                    },
                    {
                        "name": "AuAGroup",
                        "type": "nvarchar"
                    },
                    {
                        "name": "ClientCountGroup",
                        "type": "nvarchar"
                    },
                    {
                        "name": "PracticeAVG",
                        "type": "nvarchar"
                    },
                    {
                        "name": "AssistantAVG",
                        "type": "nvarchar"
                    },
                    {
                        "name": "PracticeRank",
                        "type": "nvarchar"
                    },
                    {
                        "name": "AssistantRank",
                        "type": "nvarchar"
                    },
                    {
                        "name": "MagicNumberPractice",
                        "type": "nvarchar"
                    },
                    {
                        "name": "MagicNumberAssistant",
                        "type": "nvarchar"
                    }
                ],
                "typeProperties": {
                    "schema": "dbo",
                    "table": "xPlanStatsKPI"
                }
            },
            "dependsOn": []
        },
        {
            "name": "[concat(parameters('factoryName'), '/DeathDisabilityFrmSTG')]",
            "type": "Microsoft.DataFactory/factories/datasets",
            "apiVersion": "2018-06-01",
            "properties": {
                "linkedServiceName": {
                    "referenceName": "StagingLinkedService",
                    "type": "LinkedServiceReference"
                },
                "annotations": [],
                "type": "AzureSqlTable",
                "schema": [
                    {
                        "name": "XPUSERCODE",
                        "type": "int",
                        "precision": 10
                    },
                    {
                        "name": "Partner Name",
                        "type": "nvarchar"
                    },
                    {
                        "name": "Start Date",
                        "type": "date"
                    },
                    {
                        "name": "Tenure Years",
                        "type": "int",
                        "precision": 10
                    },
                    {
                        "name": "12 Month Ongoing Earnings",
                        "type": "int",
                        "precision": 10
                    },
                    {
                        "name": "Months",
                        "type": "int",
                        "precision": 10
                    }
                ],
                "typeProperties": {
                    "schema": "dbo",
                    "table": "Death Disability"
                }
            },
            "dependsOn": []
        },
        {
            "name": "[concat(parameters('factoryName'), '/xPlanStatsKPIToPrd')]",
            "type": "Microsoft.DataFactory/factories/datasets",
            "apiVersion": "2018-06-01",
            "properties": {
                "linkedServiceName": {
                    "referenceName": "AzureSqlSuspensetoPRD",
                    "type": "LinkedServiceReference"
                },
                "annotations": [],
                "type": "AzureSqlTable",
                "schema": [
                    {
                        "name": "Xpusercode",
                        "type": "int",
                        "precision": 10
                    },
                    {
                        "name": "MISReportingDate",
                        "type": "nvarchar"
                    },
                    {
                        "name": "xPlan Stats user",
                        "type": "nvarchar"
                    },
                    {
                        "name": "Partner",
                        "type": "nvarchar"
                    },
                    {
                        "name": "Assistant",
                        "type": "nvarchar"
                    },
                    {
                        "name": "AuAGroup",
                        "type": "nvarchar"
                    },
                    {
                        "name": "ClientCountGroup",
                        "type": "nvarchar"
                    },
                    {
                        "name": "PracticeAVG",
                        "type": "nvarchar"
                    },
                    {
                        "name": "AssistantAVG",
                        "type": "nvarchar"
                    },
                    {
                        "name": "PracticeRank",
                        "type": "nvarchar"
                    },
                    {
                        "name": "AssistantRank",
                        "type": "nvarchar"
                    },
                    {
                        "name": "MagicNumberPractice",
                        "type": "nvarchar"
                    },
                    {
                        "name": "MagicNumberAssistant",
                        "type": "nvarchar"
                    }
                ],
                "typeProperties": {
                    "schema": "dbo",
                    "table": "xPlanStatsKPI"
                }
            },
            "dependsOn": []
        },
        {
            "name": "[concat(parameters('factoryName'), '/PEPToPrd')]",
            "type": "Microsoft.DataFactory/factories/datasets",
            "apiVersion": "2018-06-01",
            "properties": {
                "linkedServiceName": {
                    "referenceName": "AzureSqlSuspensetoPRD",
                    "type": "LinkedServiceReference"
                },
                "annotations": [],
                "type": "AzureSqlTable",
                "schema": [
                    {
                        "name": "Partner Name",
                        "type": "nvarchar"
                    },
                    {
                        "name": "XPUserCode",
                        "type": "int",
                        "precision": 10
                    },
                    {
                        "name": "SQLPartnerCheck",
                        "type": "int",
                        "precision": 10
                    },
                    {
                        "name": "Tenure",
                        "type": "int",
                        "precision": 10
                    },
                    {
                        "name": "Current",
                        "type": "int",
                        "precision": 10
                    },
                    {
                        "name": "Projected",
                        "type": "int",
                        "precision": 10
                    }
                ],
                "typeProperties": {
                    "schema": "dbo",
                    "table": "PRACTISE_VALUATION_CONTRACTUAL_COMMITMENT"
                }
            },
            "dependsOn": []
        },
        {
            "name": "[concat(parameters('factoryName'), '/PepFromSTG')]",
            "type": "Microsoft.DataFactory/factories/datasets",
            "apiVersion": "2018-06-01",
            "properties": {
                "linkedServiceName": {
                    "referenceName": "StagingLinkedService",
                    "type": "LinkedServiceReference"
                },
                "annotations": [],
                "type": "AzureSqlTable",
                "schema": [
                    {
                        "name": "Partner Name",
                        "type": "nvarchar"
                    },
                    {
                        "name": "XPUserCode",
                        "type": "int",
                        "precision": 10
                    },
                    {
                        "name": "SQLPartnerCheck",
                        "type": "int",
                        "precision": 10
                    },
                    {
                        "name": "Tenure",
                        "type": "int",
                        "precision": 10
                    },
                    {
                        "name": "Current",
                        "type": "int",
                        "precision": 10
                    },
                    {
                        "name": "Projected",
                        "type": "int",
                        "precision": 10
                    }
                ],
                "typeProperties": {
                    "schema": "dbo",
                    "table": "PRACTISE_VALUATION_CONTRACTUAL_COMMITMENT"
                }
            },
            "dependsOn": []
        },
        {
            "name": "[concat(parameters('factoryName'), '/Lodgements_Pipeline')]",
            "type": "Microsoft.DataFactory/factories/datasets",
            "apiVersion": "2018-06-01",
            "properties": {
                "linkedServiceName": {
                    "referenceName": "AdviceworxSFTP",
                    "type": "LinkedServiceReference"
                },
                "annotations": [],
                "type": "DelimitedText",
                "typeProperties": {
                    "location": {
                        "type": "SftpLocation",
                        "fileName": "Lodgement.csv",
                        "folderPath": "/AdviceworxSFTP/MIS_Team/Monthly Data Push To SQL"
                    },
                    "columnDelimiter": ",",
                    "escapeChar": "\\",
                    "firstRowAsHeader": true,
                    "quoteChar": "\""
                },
                "schema": [
                    {
                        "name": "LodgementKey",
                        "type": "String"
                    },
                    {
                        "name": "MaxDate",
                        "type": "String"
                    },
                    {
                        "name": "Entity Id",
                        "type": "String"
                    },
                    {
                        "name": "ClientName",
                        "type": "String"
                    },
                    {
                        "name": "Partner",
                        "type": "String"
                    },
                    {
                        "name": "XPUserCode",
                        "type": "String"
                    },
                    {
                        "name": "SQL Partner Check",
                        "type": "String"
                    },
                    {
                        "name": "Strategy",
                        "type": "String"
                    },
                    {
                        "name": "Adviceworx Solutions (%)",
                        "type": "String"
                    },
                    {
                        "name": "PCS Solutions (%)",
                        "type": "String"
                    },
                    {
                        "name": "Endorsed Solutions (%)",
                        "type": "String"
                    },
                    {
                        "name": "Other Solutions (%)",
                        "type": "String"
                    },
                    {
                        "name": "Case Name",
                        "type": "String"
                    },
                    {
                        "name": "Created Date",
                        "type": "String"
                    },
                    {
                        "name": "DateMonth",
                        "type": "String"
                    },
                    {
                        "name": "Frequency",
                        "type": "String"
                    },
                    {
                        "name": "DateMax",
                        "type": "String"
                    },
                    {
                        "name": "Enhanced Count",
                        "type": "String"
                    },
                    {
                        "name": "Optimized Count",
                        "type": "String"
                    },
                    {
                        "name": "Partner Directed Advice Count",
                        "type": "String"
                    },
                    {
                        "name": "Standardized Count",
                        "type": "String"
                    }
                ]
            },
            "dependsOn": []
        },
        {
            "name": "[concat(parameters('factoryName'), '/AzureDIVIDEND_PAYOUT_To_Dev')]",
            "type": "Microsoft.DataFactory/factories/datasets",
            "apiVersion": "2018-06-01",
            "properties": {
                "linkedServiceName": {
                    "referenceName": "SQLStagingEenvironment",
                    "type": "LinkedServiceReference"
                },
                "annotations": [],
                "type": "AzureSqlTable",
                "schema": [
                    {
                        "name": "PARTNER_NAME",
                        "type": "nvarchar"
                    },
                    {
                        "name": "XPUSERCODE",
                        "type": "int",
                        "precision": 10
                    },
                    {
                        "name": "SQLPARTNERCHECK",
                        "type": "int",
                        "precision": 10
                    },
                    {
                        "name": "DIVIDENDS_ACTUALS_YR_19_PD_20",
                        "type": "decimal",
                        "precision": 18,
                        "scale": 0
                    },
                    {
                        "name": "Dividends Actuals YR 20 PD 21",
                        "type": "decimal",
                        "precision": 18,
                        "scale": 0
                    },
                    {
                        "name": "Dividends Actuals YR 21 PD 22",
                        "type": "decimal",
                        "precision": 18,
                        "scale": 0
                    },
                    {
                        "name": "Dividends Actuals YR 22 PD 23",
                        "type": "decimal",
                        "precision": 18,
                        "scale": 0
                    }
                ],
                "typeProperties": {
                    "schema": "dbo",
                    "table": "DIVIDEND_PAYOUT"
                }
            },
            "dependsOn": []
        },
        {
            "name": "[concat(parameters('factoryName'), '/PRACTISE_VALUATION_CONTRACTUAL_COMMITMENT_Pipeline')]",
            "type": "Microsoft.DataFactory/factories/datasets",
            "apiVersion": "2018-06-01",
            "properties": {
                "linkedServiceName": {
                    "referenceName": "AdviceworxSFTP",
                    "type": "LinkedServiceReference"
                },
                "annotations": [],
                "type": "DelimitedText",
                "typeProperties": {
                    "location": {
                        "type": "SftpLocation",
                        "fileName": "PEP.csv",
                        "folderPath": "/AdviceworxSFTP/MIS_Team/Monthly Data Push To SQL"
                    },
                    "columnDelimiter": ",",
                    "escapeChar": "\\",
                    "firstRowAsHeader": true,
                    "quoteChar": "\""
                },
                "schema": [
                    {
                        "name": "Partner Name",
                        "type": "String"
                    },
                    {
                        "name": "XPUserCode",
                        "type": "String"
                    },
                    {
                        "name": "SQLPartnerCheck",
                        "type": "String"
                    },
                    {
                        "name": "Tenure",
                        "type": "String"
                    },
                    {
                        "name": "Current",
                        "type": "String"
                    },
                    {
                        "name": "Projected",
                        "type": "String"
                    }
                ]
            },
            "dependsOn": []
        },
        {
            "name": "[concat(parameters('factoryName'), '/AzureLodgementDev')]",
            "type": "Microsoft.DataFactory/factories/datasets",
            "apiVersion": "2018-06-01",
            "properties": {
                "linkedServiceName": {
                    "referenceName": "AzureSqlSuspense",
                    "type": "LinkedServiceReference"
                },
                "annotations": [],
                "type": "AzureSqlTable",
                "schema": [
                    {
                        "name": "Entity Id",
                        "type": "int",
                        "precision": 10
                    },
                    {
                        "name": "ClientName",
                        "type": "nvarchar"
                    },
                    {
                        "name": "Partner",
                        "type": "nvarchar"
                    },
                    {
                        "name": "XPUserCode",
                        "type": "int",
                        "precision": 10
                    },
                    {
                        "name": "Endorsed Advice – Focused",
                        "type": "int",
                        "precision": 10
                    },
                    {
                        "name": "Endorsed Advice – Lifestyle",
                        "type": "int",
                        "precision": 10
                    },
                    {
                        "name": "Parter Directed Advice",
                        "type": "int",
                        "precision": 10
                    },
                    {
                        "name": "DateMonth",
                        "type": "date"
                    }
                ],
                "typeProperties": {
                    "schema": "dbo",
                    "table": "Lodgement"
                }
            },
            "dependsOn": []
        },
        {
            "name": "[concat(parameters('factoryName'), '/AzureLodgementToPrd')]",
            "type": "Microsoft.DataFactory/factories/datasets",
            "apiVersion": "2018-06-01",
            "properties": {
                "linkedServiceName": {
                    "referenceName": "AzureSuspenseToPRD",
                    "type": "LinkedServiceReference"
                },
                "annotations": [],
                "type": "AzureSqlTable",
                "schema": [
                    {
                        "name": "Entity Id",
                        "type": "int",
                        "precision": 10
                    },
                    {
                        "name": "ClientName",
                        "type": "nvarchar"
                    },
                    {
                        "name": "Partner",
                        "type": "nvarchar"
                    },
                    {
                        "name": "XPUserCode",
                        "type": "int",
                        "precision": 10
                    },
                    {
                        "name": "Endorsed Advice – Focused",
                        "type": "int",
                        "precision": 10
                    },
                    {
                        "name": "Endorsed Advice – Lifestyle",
                        "type": "int",
                        "precision": 10
                    },
                    {
                        "name": "Parter Directed Advice",
                        "type": "int",
                        "precision": 10
                    },
                    {
                        "name": "DateMonth",
                        "type": "date"
                    }
                ],
                "typeProperties": {
                    "schema": "dbo",
                    "table": "Lodgement"
                }
            },
            "dependsOn": []
        },
        {
            "name": "[concat(parameters('factoryName'), '/BaseSharingToPrd')]",
            "type": "Microsoft.DataFactory/factories/datasets",
            "apiVersion": "2018-06-01",
            "properties": {
                "linkedServiceName": {
                    "referenceName": "AzureSqlSuspensetoPRD",
                    "type": "LinkedServiceReference"
                },
                "annotations": [],
                "type": "AzureSqlTable",
                "schema": [
                    {
                        "name": "PARTNER",
                        "type": "nvarchar"
                    },
                    {
                        "name": "XPUSERCODE",
                        "type": "int",
                        "precision": 10
                    },
                    {
                        "name": "SQLPARTNERCHECK",
                        "type": "int",
                        "precision": 10
                    },
                    {
                        "name": "COS % (Base rate)",
                        "type": "decimal",
                        "precision": 18,
                        "scale": 10
                    },
                    {
                        "name": "Y1 COS % (Base rate)",
                        "type": "decimal",
                        "precision": 18,
                        "scale": 10
                    },
                    {
                        "name": "Y1 Variable rate",
                        "type": "decimal",
                        "precision": 18,
                        "scale": 10
                    },
                    {
                        "name": "Y2 COS % (Base rate)",
                        "type": "decimal",
                        "precision": 18,
                        "scale": 10
                    },
                    {
                        "name": "Y2 Variable rate",
                        "type": "decimal",
                        "precision": 18,
                        "scale": 10
                    },
                    {
                        "name": "Y3 COS % (Base rate)",
                        "type": "decimal",
                        "precision": 18,
                        "scale": 10
                    },
                    {
                        "name": "Y3 Variable rate",
                        "type": "decimal",
                        "precision": 18,
                        "scale": 10
                    }
                ],
                "typeProperties": {
                    "schema": "dbo",
                    "table": "Compliance"
                }
            },
            "dependsOn": []
        },
        {
            "name": "[concat(parameters('factoryName'), '/BaseSharingFromSTG')]",
            "type": "Microsoft.DataFactory/factories/datasets",
            "apiVersion": "2018-06-01",
            "properties": {
                "linkedServiceName": {
                    "referenceName": "StagingLinkedService",
                    "type": "LinkedServiceReference"
                },
                "annotations": [],
                "type": "AzureSqlTable",
                "schema": [
                    {
                        "name": "PARTNER",
                        "type": "nvarchar"
                    },
                    {
                        "name": "XPUSERCODE",
                        "type": "int",
                        "precision": 10
                    },
                    {
                        "name": "SQLPARTNERCHECK",
                        "type": "int",
                        "precision": 10
                    },
                    {
                        "name": "COS % (Base rate)",
                        "type": "decimal",
                        "precision": 18,
                        "scale": 10
                    },
                    {
                        "name": "Y1 COS % (Base rate)",
                        "type": "decimal",
                        "precision": 18,
                        "scale": 10
                    },
                    {
                        "name": "Y1 Variable rate",
                        "type": "decimal",
                        "precision": 18,
                        "scale": 10
                    },
                    {
                        "name": "Y2 COS % (Base rate)",
                        "type": "decimal",
                        "precision": 18,
                        "scale": 10
                    },
                    {
                        "name": "Y2 Variable rate",
                        "type": "decimal",
                        "precision": 18,
                        "scale": 10
                    },
                    {
                        "name": "Y3 COS % (Base rate)",
                        "type": "decimal",
                        "precision": 18,
                        "scale": 10
                    },
                    {
                        "name": "Y3 Variable rate",
                        "type": "decimal",
                        "precision": 18,
                        "scale": 10
                    }
                ],
                "typeProperties": {
                    "schema": "dbo",
                    "table": "BASE_SHARING_RATES"
                }
            },
            "dependsOn": []
        }
    ]
}