{
    "$schema": "http://schema.management.azure.com/schemas/2015-01-01/deploymentTemplate.json#",
    "contentVersion": "1.0.0.0",
    "parameters": {
        "factoryName": {
            "type": "string",
            "metadata": "Data Factory name",
            "defaultValue": "CompassAPICalls"
        }
    },
    "variables": {
        "factoryId": "[concat('Microsoft.DataFactory/factories/', parameters('factoryName'))]"
    },
    "resources": [
        {
            "name": "[concat(parameters('factoryName'), '/AUMPipeline')]",
            "type": "Microsoft.DataFactory/factories/datasets",
            "apiVersion": "2018-06-01",
            "properties": {
                "linkedServiceName": {
                    "referenceName": "AdviceworxSFTP",
                    "type": "LinkedServiceReference"
                },
                "annotations": [],
                "type": "DelimitedText",
                "typeProperties": {
                    "location": {
                        "type": "SftpLocation",
                        "fileName": "AuM_SQL.csv",
                        "folderPath": "/AdviceworxSFTP/MIS_Team/Monthly Data Push To SQL"
                    },
                    "columnDelimiter": ",",
                    "escapeChar": "\\",
                    "firstRowAsHeader": true,
                    "quoteChar": "\""
                },
                "schema": [
                    {
                        "name": "ProductAuM",
                        "type": "String"
                    },
                    {
                        "name": "PolicyNumberAuM",
                        "type": "String"
                    },
                    {
                        "name": "PartnerAuM",
                        "type": "String"
                    },
                    {
                        "name": "AWXClientAuM",
                        "type": "String"
                    },
                    {
                        "name": "EntityIDAuM",
                        "type": "String"
                    },
                    {
                        "name": "Client Name Map Eval AuM",
                        "type": "String"
                    },
                    {
                        "name": "ProductProviderAuM",
                        "type": "String"
                    },
                    {
                        "name": "MappedProductProviderAuM",
                        "type": "String"
                    },
                    {
                        "name": "DateMonthAuM",
                        "type": "String"
                    },
                    {
                        "name": "DateMonthSQL",
                        "type": "String"
                    },
                    {
                        "name": "IDAuM",
                        "type": "String"
                    },
                    {
                        "name": "SourceClientAuM",
                        "type": "String"
                    },
                    {
                        "name": "FundNameAuM",
                        "type": "String"
                    },
                    {
                        "name": "AssetValueAuM",
                        "type": "String"
                    },
                    {
                        "name": "XPUserCodeAuM",
                        "type": "String"
                    },
                    {
                        "name": "SQL Partner Check AuM",
                        "type": "String"
                    },
                    {
                        "name": "TagAuM",
                        "type": "String"
                    }
                ]
            },
            "dependsOn": []
        },
        {
            "name": "[concat(parameters('factoryName'), '/AUMPipelineToDev')]",
            "type": "Microsoft.DataFactory/factories/datasets",
            "apiVersion": "2018-06-01",
            "properties": {
                "linkedServiceName": {
                    "referenceName": "StgSQLNew30042024",
                    "type": "LinkedServiceReference"
                },
                "annotations": [],
                "type": "AzureSqlTable",
                "schema": [
                    {
                        "name": "PRODUCTAUM",
                        "type": "nvarchar"
                    },
                    {
                        "name": "POLICYNUMBERAUM",
                        "type": "nvarchar"
                    },
                    {
                        "name": "PARTNERAUM",
                        "type": "nvarchar"
                    },
                    {
                        "name": "AWXCLIENTAUM",
                        "type": "nvarchar"
                    },
                    {
                        "name": "ENTITYIDAUM",
                        "type": "nvarchar"
                    },
                    {
                        "name": "CLIENT_NAME_MAP_EVAL_AUM",
                        "type": "nvarchar"
                    },
                    {
                        "name": "PRODUCTPROVIDERAUM",
                        "type": "nvarchar"
                    },
                    {
                        "name": "MAPPEDPRODUCTPROVIDERAUM",
                        "type": "nvarchar"
                    },
                    {
                        "name": "DATEMONTHAUM",
                        "type": "nvarchar"
                    },
                    {
                        "name": "DATEMONTHSQL",
                        "type": "date"
                    },
                    {
                        "name": "IDAUM",
                        "type": "nvarchar"
                    },
                    {
                        "name": "SOURCECLIENTAUM",
                        "type": "nvarchar"
                    },
                    {
                        "name": "FUNDNAMEAUM",
                        "type": "nvarchar"
                    },
                    {
                        "name": "ASSETVALUEAUM",
                        "type": "decimal",
                        "precision": 29,
                        "scale": 17
                    },
                    {
                        "name": "XPUSERCODEAUM",
                        "type": "int",
                        "precision": 10
                    },
                    {
                        "name": "SQL_PARTNER_CHECK_AUM",
                        "type": "nvarchar"
                    },
                    {
                        "name": "TAGAUM",
                        "type": "nvarchar"
                    }
                ],
                "typeProperties": {
                    "schema": "dbo",
                    "table": "AUM"
                }
            },
            "dependsOn": []
        },
        {
            "name": "[concat(parameters('factoryName'), '/DimMorningStar_SFTP')]",
            "type": "Microsoft.DataFactory/factories/datasets",
            "apiVersion": "2018-06-01",
            "properties": {
                "linkedServiceName": {
                    "referenceName": "AdviceworxSFTP",
                    "type": "LinkedServiceReference"
                },
                "folder": {
                    "name": "MIS_NAV"
                },
                "annotations": [],
                "type": "Excel",
                "typeProperties": {
                    "sheetName": "Main",
                    "location": {
                        "type": "SftpLocation",
                        "fileName": "DimMorningStar.xlsx",
                        "folderPath": "/AdviceworxSFTP/MIS_Team/NAV_Investments"
                    },
                    "firstRowAsHeader": true
                },
                "schema": [
                    {
                        "name": "FundName_MorningStar",
                        "type": "String"
                    },
                    {
                        "name": "Classification",
                        "type": "String"
                    },
                    {
                        "name": "Strategy",
                        "type": "String"
                    },
                    {
                        "name": "Calculation Benchmark",
                        "type": "String"
                    },
                    {
                        "name": "Base Currency",
                        "type": "String"
                    },
                    {
                        "name": "Ticker",
                        "type": "String"
                    },
                    {
                        "name": "ISIN",
                        "type": "String"
                    },
                    {
                        "name": "Morningstar Category",
                        "type": "String"
                    },
                    {
                        "name": "Global Investment Fund Sector (GIFS)",
                        "type": "String"
                    },
                    {
                        "name": "Global Broad Category Group",
                        "type": "String"
                    },
                    {
                        "name": "Global Category",
                        "type": "String"
                    },
                    {
                        "name": "Morningstar Institutional Category",
                        "type": "String"
                    },
                    {
                        "name": "Morningstar Index",
                        "type": "String"
                    },
                    {
                        "name": "Investment Area",
                        "type": "String"
                    },
                    {
                        "name": "Domicile",
                        "type": "String"
                    },
                    {
                        "name": "Branding Name",
                        "type": "String"
                    },
                    {
                        "name": "Inception Date",
                        "type": "String"
                    },
                    {
                        "name": "Oldest Share Class",
                        "type": "String"
                    },
                    {
                        "name": "Investment Type",
                        "type": "String"
                    },
                    {
                        "name": "Portfolio Date",
                        "type": "String"
                    },
                    {
                        "name": "SA Cash % (Net)",
                        "type": "String"
                    },
                    {
                        "name": "Non-SA Cash % (Net)",
                        "type": "String"
                    },
                    {
                        "name": "Africa Cash (Net)",
                        "type": "String"
                    },
                    {
                        "name": "Africa Bond (Net)",
                        "type": "String"
                    },
                    {
                        "name": "SA Bond % (Net)",
                        "type": "String"
                    },
                    {
                        "name": "Non-SA Bond % (Net)",
                        "type": "String"
                    },
                    {
                        "name": "Africa Equity (Net)",
                        "type": "String"
                    },
                    {
                        "name": "SA Equity % (Net)",
                        "type": "String"
                    },
                    {
                        "name": "Non-SA Equity % (Net)",
                        "type": "String"
                    },
                    {
                        "name": "Africa Property (Net)",
                        "type": "String"
                    },
                    {
                        "name": "SA Property % (Net)",
                        "type": "String"
                    },
                    {
                        "name": "Non-SA Property % (Net)",
                        "type": "String"
                    },
                    {
                        "name": "SA Other % (Net)",
                        "type": "String"
                    },
                    {
                        "name": "Non-SA Other % (Net)",
                        "type": "String"
                    },
                    {
                        "name": "Unmapped % (Net)",
                        "type": "String"
                    }
                ]
            },
            "dependsOn": []
        },
        {
            "name": "[concat(parameters('factoryName'), '/DimMorningStar_SQL')]",
            "type": "Microsoft.DataFactory/factories/datasets",
            "apiVersion": "2018-06-01",
            "properties": {
                "linkedServiceName": {
                    "referenceName": "AssetClientMapSQL",
                    "type": "LinkedServiceReference"
                },
                "folder": {
                    "name": "MIS_NAV"
                },
                "annotations": [],
                "type": "AzureSqlTable",
                "schema": [
                    {
                        "name": "FundName_MorningStar",
                        "type": "nvarchar"
                    },
                    {
                        "name": "Classification",
                        "type": "nvarchar"
                    },
                    {
                        "name": "Strategy",
                        "type": "nvarchar"
                    },
                    {
                        "name": "Calculation Benchmark",
                        "type": "nvarchar"
                    },
                    {
                        "name": "Base Currency",
                        "type": "nvarchar"
                    },
                    {
                        "name": "Ticker",
                        "type": "nvarchar"
                    },
                    {
                        "name": "ISIN",
                        "type": "nvarchar"
                    },
                    {
                        "name": "Morningstar Category",
                        "type": "nvarchar"
                    },
                    {
                        "name": "Global Investment Fund Sector (GIFS)",
                        "type": "nvarchar"
                    },
                    {
                        "name": "Global Broad Category Group",
                        "type": "nvarchar"
                    },
                    {
                        "name": "Global Category",
                        "type": "nvarchar"
                    },
                    {
                        "name": "Morningstar Institutional Category",
                        "type": "nvarchar"
                    },
                    {
                        "name": "Morningstar Index",
                        "type": "nvarchar"
                    },
                    {
                        "name": "Investment Area",
                        "type": "nvarchar"
                    },
                    {
                        "name": "Domicile",
                        "type": "nvarchar"
                    },
                    {
                        "name": "Branding Name",
                        "type": "nvarchar"
                    },
                    {
                        "name": "Inception Date",
                        "type": "nvarchar"
                    },
                    {
                        "name": "Oldest Share Class",
                        "type": "nvarchar"
                    },
                    {
                        "name": "Investment Type",
                        "type": "nvarchar"
                    },
                    {
                        "name": "Portfolio Date",
                        "type": "nvarchar"
                    },
                    {
                        "name": "SA Cash % (Net)",
                        "type": "decimal",
                        "precision": 29,
                        "scale": 17
                    },
                    {
                        "name": "Non-SA Cash % (Net)",
                        "type": "decimal",
                        "precision": 29,
                        "scale": 17
                    },
                    {
                        "name": "Africa Cash (Net)",
                        "type": "decimal",
                        "precision": 29,
                        "scale": 17
                    },
                    {
                        "name": "Africa Bond (Net)",
                        "type": "decimal",
                        "precision": 29,
                        "scale": 17
                    },
                    {
                        "name": "SA Bond % (Net)",
                        "type": "decimal",
                        "precision": 29,
                        "scale": 17
                    },
                    {
                        "name": "Non-SA Bond % (Net)",
                        "type": "decimal",
                        "precision": 29,
                        "scale": 17
                    },
                    {
                        "name": "Africa Equity (Net)",
                        "type": "decimal",
                        "precision": 29,
                        "scale": 17
                    },
                    {
                        "name": "SA Equity % (Net)",
                        "type": "decimal",
                        "precision": 29,
                        "scale": 17
                    },
                    {
                        "name": "Non-SA Equity % (Net)",
                        "type": "decimal",
                        "precision": 29,
                        "scale": 17
                    },
                    {
                        "name": "Africa Property (Net)",
                        "type": "decimal",
                        "precision": 29,
                        "scale": 17
                    },
                    {
                        "name": "SA Property % (Net)",
                        "type": "decimal",
                        "precision": 29,
                        "scale": 17
                    },
                    {
                        "name": "Non-SA Property % (Net)",
                        "type": "decimal",
                        "precision": 29,
                        "scale": 17
                    },
                    {
                        "name": "SA Other % (Net)",
                        "type": "decimal",
                        "precision": 29,
                        "scale": 17
                    },
                    {
                        "name": "Non-SA Other % (Net)",
                        "type": "decimal",
                        "precision": 29,
                        "scale": 17
                    },
                    {
                        "name": "Unmapped % (Net)",
                        "type": "decimal",
                        "precision": 29,
                        "scale": 17
                    }
                ],
                "typeProperties": {
                    "schema": "dbo",
                    "table": "DimMorningStar"
                }
            },
            "dependsOn": []
        },
        {
            "name": "[concat(parameters('factoryName'), '/DimTAA_SQL')]",
            "type": "Microsoft.DataFactory/factories/datasets",
            "apiVersion": "2018-06-01",
            "properties": {
                "linkedServiceName": {
                    "referenceName": "AssetClientMapSQL",
                    "type": "LinkedServiceReference"
                },
                "folder": {
                    "name": "MIS_NAV"
                },
                "annotations": [],
                "type": "AzureSqlTable",
                "schema": [
                    {
                        "name": "DateMonth",
                        "type": "date"
                    },
                    {
                        "name": "TAAs",
                        "type": "nvarchar"
                    },
                    {
                        "name": "SA Equity",
                        "type": "decimal",
                        "precision": 29,
                        "scale": 25
                    },
                    {
                        "name": "SA Property",
                        "type": "decimal",
                        "precision": 29,
                        "scale": 25
                    },
                    {
                        "name": "SA Bond",
                        "type": "decimal",
                        "precision": 29,
                        "scale": 25
                    },
                    {
                        "name": "SA Other",
                        "type": "decimal",
                        "precision": 29,
                        "scale": 25
                    },
                    {
                        "name": "SA Cash",
                        "type": "decimal",
                        "precision": 29,
                        "scale": 25
                    },
                    {
                        "name": "Global Bond",
                        "type": "decimal",
                        "precision": 29,
                        "scale": 25
                    },
                    {
                        "name": "Global Equity",
                        "type": "decimal",
                        "precision": 29,
                        "scale": 25
                    },
                    {
                        "name": "Global Property",
                        "type": "decimal",
                        "precision": 29,
                        "scale": 25
                    },
                    {
                        "name": "Global Other",
                        "type": "decimal",
                        "precision": 29,
                        "scale": 25
                    },
                    {
                        "name": "Global Cash",
                        "type": "decimal",
                        "precision": 29,
                        "scale": 25
                    },
                    {
                        "name": "Unmapped",
                        "type": "decimal",
                        "precision": 29,
                        "scale": 25
                    }
                ],
                "typeProperties": {
                    "schema": "dbo",
                    "table": "DimTAA"
                }
            },
            "dependsOn": []
        },
        {
            "name": "[concat(parameters('factoryName'), '/DimTAA_SFTP')]",
            "type": "Microsoft.DataFactory/factories/datasets",
            "apiVersion": "2018-06-01",
            "properties": {
                "linkedServiceName": {
                    "referenceName": "AdviceworxSFTP",
                    "type": "LinkedServiceReference"
                },
                "folder": {
                    "name": "MIS_NAV"
                },
                "annotations": [],
                "type": "Excel",
                "typeProperties": {
                    "sheetName": "Sheet1",
                    "location": {
                        "type": "SftpLocation",
                        "fileName": "DimTAA.xlsx",
                        "folderPath": "/AdviceworxSFTP/MIS_Team/NAV_Investments"
                    },
                    "firstRowAsHeader": true
                },
                "schema": [
                    {
                        "name": "DateMonth",
                        "type": "String"
                    },
                    {
                        "name": "TAAs",
                        "type": "String"
                    },
                    {
                        "name": "SA Equity",
                        "type": "String"
                    },
                    {
                        "name": "SA Property",
                        "type": "String"
                    },
                    {
                        "name": "SA Bond",
                        "type": "String"
                    },
                    {
                        "name": "SA Other",
                        "type": "String"
                    },
                    {
                        "name": "SA Cash",
                        "type": "String"
                    },
                    {
                        "name": "Global Bond",
                        "type": "String"
                    },
                    {
                        "name": "Global Equity",
                        "type": "String"
                    },
                    {
                        "name": "Global Property",
                        "type": "String"
                    },
                    {
                        "name": "Global Other",
                        "type": "String"
                    },
                    {
                        "name": "Global Cash",
                        "type": "String"
                    },
                    {
                        "name": "Unmapped",
                        "type": "String"
                    }
                ]
            },
            "dependsOn": []
        },
        {
            "name": "[concat(parameters('factoryName'), '/StrategiesToDev')]",
            "type": "Microsoft.DataFactory/factories/datasets",
            "apiVersion": "2018-06-01",
            "properties": {
                "linkedServiceName": {
                    "referenceName": "AzureSuspenseToPRD",
                    "type": "LinkedServiceReference"
                },
                "annotations": [],
                "type": "AzureSqlTable",
                "schema": [
                    {
                        "name": "XPUSERCODE",
                        "type": "nvarchar"
                    },
                    {
                        "name": "Advice Tool",
                        "type": "nvarchar"
                    },
                    {
                        "name": "PlannerGroupName",
                        "type": "nvarchar"
                    },
                    {
                        "name": "AdvisorCode",
                        "type": "int",
                        "precision": 10
                    },
                    {
                        "name": "SQL_PARTNER_CHECK",
                        "type": "nvarchar"
                    },
                    {
                        "name": "PlannerName",
                        "type": "nvarchar"
                    },
                    {
                        "name": "NAME_AND_SURNAME",
                        "type": "nvarchar"
                    },
                    {
                        "name": "WPClientNo",
                        "type": "nvarchar"
                    },
                    {
                        "name": "INTEGRATIONSENTITYID",
                        "type": "nvarchar"
                    },
                    {
                        "name": "Client Name",
                        "type": "nvarchar"
                    },
                    {
                        "name": "Concat1",
                        "type": "nvarchar"
                    },
                    {
                        "name": "lookup",
                        "type": "nvarchar"
                    },
                    {
                        "name": "IDNumber or DoB",
                        "type": "nvarchar"
                    },
                    {
                        "name": "Scenario Name",
                        "type": "nvarchar"
                    },
                    {
                        "name": "Scenario Planning Type",
                        "type": "nvarchar"
                    },
                    {
                        "name": "INTEGRATIONSSTRATEGY",
                        "type": "nvarchar"
                    },
                    {
                        "name": "Post-Retirement Strategy Name",
                        "type": "nvarchar"
                    },
                    {
                        "name": "DATEDATEMONTH",
                        "type": "date"
                    },
                    {
                        "name": "Retirement Age",
                        "type": "nvarchar"
                    },
                    {
                        "name": "Age",
                        "type": "nvarchar"
                    },
                    {
                        "name": "PGP Usage",
                        "type": "int",
                        "precision": 10
                    },
                    {
                        "name": "Wealth Integ Usage",
                        "type": "int",
                        "precision": 10
                    },
                    {
                        "name": "xPlan Imports Usage",
                        "type": "int",
                        "precision": 10
                    }
                ],
                "typeProperties": {
                    "schema": "dbo",
                    "table": "Strategies"
                }
            },
            "dependsOn": []
        },
        {
            "name": "[concat(parameters('factoryName'), '/Strategies')]",
            "type": "Microsoft.DataFactory/factories/datasets",
            "apiVersion": "2018-06-01",
            "properties": {
                "linkedServiceName": {
                    "referenceName": "AdviceworxSFTP",
                    "type": "LinkedServiceReference"
                },
                "annotations": [],
                "type": "Excel",
                "typeProperties": {
                    "sheetName": "Nav",
                    "location": {
                        "type": "SftpLocation",
                        "fileName": "Strategies.xlsx",
                        "folderPath": "/AdviceworxSFTP/MIS_Team/Monthly Data Push To SQL"
                    },
                    "firstRowAsHeader": true
                },
                "schema": [
                    {
                        "name": "XPUSERCODE",
                        "type": "String"
                    },
                    {
                        "name": "Advice Tool",
                        "type": "String"
                    },
                    {
                        "name": "PlannerGroupName",
                        "type": "String"
                    },
                    {
                        "name": "AdvisorCode",
                        "type": "String"
                    },
                    {
                        "name": "SQL_PARTNER_CHECK",
                        "type": "String"
                    },
                    {
                        "name": "PlannerName",
                        "type": "String"
                    },
                    {
                        "name": "NAME_AND_SURNAME",
                        "type": "String"
                    },
                    {
                        "name": "WPClientNo",
                        "type": "String"
                    },
                    {
                        "name": "INTEGRATIONSENTITYID",
                        "type": "String"
                    },
                    {
                        "name": "Client Name",
                        "type": "String"
                    },
                    {
                        "name": "Concat1",
                        "type": "String"
                    },
                    {
                        "name": "lookup",
                        "type": "String"
                    },
                    {
                        "name": "IDNumber or DoB",
                        "type": "String"
                    },
                    {
                        "name": "Scenario Name",
                        "type": "String"
                    },
                    {
                        "name": "Scenario Planning Type",
                        "type": "String"
                    },
                    {
                        "name": "INTEGRATIONSSTRATEGY",
                        "type": "String"
                    },
                    {
                        "name": "Post-Retirement Strategy Name",
                        "type": "String"
                    },
                    {
                        "name": "DATEDATEMONTH",
                        "type": "String"
                    },
                    {
                        "name": "Retirement Age",
                        "type": "String"
                    },
                    {
                        "name": "Age",
                        "type": "String"
                    },
                    {
                        "name": "PGP Usage",
                        "type": "String"
                    },
                    {
                        "name": "Wealth Integ Usage",
                        "type": "String"
                    },
                    {
                        "name": "xPlan Imports Usage",
                        "type": "String"
                    }
                ]
            },
            "dependsOn": []
        },
        {
            "name": "[concat(parameters('factoryName'), '/AzureSqlTable3')]",
            "type": "Microsoft.DataFactory/factories/datasets",
            "apiVersion": "2018-06-01",
            "properties": {
                "linkedServiceName": {
                    "referenceName": "StagingLinkedService",
                    "type": "LinkedServiceReference"
                },
                "annotations": [],
                "type": "AzureSqlTable",
                "schema": [],
                "typeProperties": {
                    "schema": "dbo",
                    "table": "AUA"
                }
            },
            "dependsOn": []
        },
        {
            "name": "[concat(parameters('factoryName'), '/AzureSqlTable4')]",
            "type": "Microsoft.DataFactory/factories/datasets",
            "apiVersion": "2018-06-01",
            "properties": {
                "linkedServiceName": {
                    "referenceName": "AzureSqlSuspense",
                    "type": "LinkedServiceReference"
                },
                "annotations": [],
                "type": "AzureSqlTable",
                "schema": [
                    {
                        "name": "PARTNER",
                        "type": "nvarchar"
                    },
                    {
                        "name": "XPUSERCODE",
                        "type": "int",
                        "precision": 10
                    },
                    {
                        "name": "ENTITYSTATUSAUA",
                        "type": "nvarchar"
                    },
                    {
                        "name": "SQL_PARTNER_CHECK",
                        "type": "nvarchar"
                    },
                    {
                        "name": "AWXCLIENT",
                        "type": "nvarchar"
                    },
                    {
                        "name": "ENTITYID",
                        "type": "nvarchar"
                    },
                    {
                        "name": "PRODUCT",
                        "type": "nvarchar"
                    },
                    {
                        "name": "FUND",
                        "type": "nvarchar"
                    },
                    {
                        "name": "ENHANCEDMAPPINGAUA",
                        "type": "nvarchar"
                    },
                    {
                        "name": "ASSETVALUE",
                        "type": "decimal",
                        "precision": 29,
                        "scale": 17
                    },
                    {
                        "name": "PRODUCTPROVIDER",
                        "type": "nvarchar"
                    },
                    {
                        "name": "POLICYNUMBER",
                        "type": "nvarchar"
                    },
                    {
                        "name": "DATEMONTHSQL",
                        "type": "date"
                    },
                    {
                        "name": "CASHPROVIDER",
                        "type": "nvarchar"
                    }
                ],
                "typeProperties": {
                    "schema": "dbo",
                    "table": "AUA"
                }
            },
            "dependsOn": []
        },
        {
            "name": "[concat(parameters('factoryName'), '/AUM')]",
            "type": "Microsoft.DataFactory/factories/datasets",
            "apiVersion": "2018-06-01",
            "properties": {
                "linkedServiceName": {
                    "referenceName": "StagingLinkedService",
                    "type": "LinkedServiceReference"
                },
                "annotations": [],
                "type": "AzureSqlTable",
                "schema": [
                    {
                        "name": "PARTNER",
                        "type": "nvarchar"
                    },
                    {
                        "name": "XPUSERCODE",
                        "type": "int",
                        "precision": 10
                    },
                    {
                        "name": "ENTITYSTATUSAUA",
                        "type": "nvarchar"
                    },
                    {
                        "name": "SQL_PARTNER_CHECK",
                        "type": "nvarchar"
                    },
                    {
                        "name": "AWXCLIENT",
                        "type": "nvarchar"
                    },
                    {
                        "name": "ENTITYID",
                        "type": "nvarchar"
                    },
                    {
                        "name": "PRODUCT",
                        "type": "nvarchar"
                    },
                    {
                        "name": "FUND",
                        "type": "nvarchar"
                    },
                    {
                        "name": "ENHANCEDMAPPINGAUA",
                        "type": "nvarchar"
                    },
                    {
                        "name": "ASSETVALUE",
                        "type": "decimal",
                        "precision": 29,
                        "scale": 17
                    },
                    {
                        "name": "PRODUCTPROVIDER",
                        "type": "nvarchar"
                    },
                    {
                        "name": "POLICYNUMBER",
                        "type": "nvarchar"
                    },
                    {
                        "name": "DATEMONTHSQL",
                        "type": "date"
                    },
                    {
                        "name": "CASHPROVIDER",
                        "type": "nvarchar"
                    }
                ],
                "typeProperties": {
                    "schema": "dbo",
                    "table": "AUM"
                }
            },
            "dependsOn": []
        },
        {
            "name": "[concat(parameters('factoryName'), '/AzureRevenue')]",
            "type": "Microsoft.DataFactory/factories/datasets",
            "apiVersion": "2018-06-01",
            "properties": {
                "linkedServiceName": {
                    "referenceName": "AzureSqlSuspense",
                    "type": "LinkedServiceReference"
                },
                "annotations": [],
                "type": "AzureSqlTable",
                "schema": [
                    {
                        "name": "STATEMENT_DATE",
                        "type": "date"
                    },
                    {
                        "name": "CLIENT_NAME",
                        "type": "nvarchar"
                    },
                    {
                        "name": "ENTITY_ID",
                        "type": "nvarchar"
                    },
                    {
                        "name": "PARTNER",
                        "type": "nvarchar"
                    },
                    {
                        "name": "XPUSERCODE",
                        "type": "int",
                        "precision": 10
                    },
                    {
                        "name": "SQL_PARTNER_CHECK",
                        "type": "nvarchar"
                    },
                    {
                        "name": "POLICY_NUMBER",
                        "type": "nvarchar"
                    },
                    {
                        "name": "SUPPLIER",
                        "type": "nvarchar"
                    },
                    {
                        "name": "PRODUCT",
                        "type": "nvarchar"
                    },
                    {
                        "name": "PRODUCT_CLASSIFICATION",
                        "type": "nvarchar"
                    },
                    {
                        "name": "MAIN_REVENUE_TYPE",
                        "type": "nvarchar"
                    },
                    {
                        "name": "REVENUE_TYPE",
                        "type": "nvarchar"
                    },
                    {
                        "name": "NET_AMOUNT",
                        "type": "decimal",
                        "precision": 29,
                        "scale": 17
                    },
                    {
                        "name": "TAX_AMOUNT",
                        "type": "decimal",
                        "precision": 29,
                        "scale": 17
                    },
                    {
                        "name": "GROSS_AMOUNT",
                        "type": "decimal",
                        "precision": 29,
                        "scale": 17
                    },
                    {
                        "name": "STATEMENT_ACCOUNT",
                        "type": "nvarchar"
                    },
                    {
                        "name": "MATCHED_PAYMENT_PERIOD",
                        "type": "nvarchar"
                    },
                    {
                        "name": "ACCOUNT_GL_INCOME",
                        "type": "nvarchar"
                    }
                ],
                "typeProperties": {
                    "schema": "dbo",
                    "table": "REVENUE"
                }
            },
            "dependsOn": []
        },
        {
            "name": "[concat(parameters('factoryName'), '/AssistantKPITrendsToSTG')]",
            "type": "Microsoft.DataFactory/factories/datasets",
            "apiVersion": "2018-06-01",
            "properties": {
                "linkedServiceName": {
                    "referenceName": "StagingLinkedService",
                    "type": "LinkedServiceReference"
                },
                "annotations": [],
                "type": "AzureSqlTable",
                "schema": [
                    {
                        "name": "POM",
                        "type": "nvarchar"
                    },
                    {
                        "name": "Partner",
                        "type": "nvarchar"
                    },
                    {
                        "name": "Assistant",
                        "type": "nvarchar"
                    },
                    {
                        "name": "Date Month",
                        "type": "date"
                    },
                    {
                        "name": "xPlan Activity",
                        "type": "decimal",
                        "precision": 38,
                        "scale": 2
                    },
                    {
                        "name": "Compliance",
                        "type": "nvarchar"
                    },
                    {
                        "name": "FICA",
                        "type": "decimal",
                        "precision": 38,
                        "scale": 2
                    },
                    {
                        "name": "Reviews",
                        "type": "decimal",
                        "precision": 38,
                        "scale": 2
                    },
                    {
                        "name": "Book Price",
                        "type": "decimal",
                        "precision": 38,
                        "scale": 2
                    },
                    {
                        "name": "Lodgement",
                        "type": "decimal",
                        "precision": 38,
                        "scale": 2
                    },
                    {
                        "name": "Integration",
                        "type": "decimal",
                        "precision": 38,
                        "scale": 2
                    },
                    {
                        "name": "MAPP",
                        "type": "decimal",
                        "precision": 38,
                        "scale": 2
                    },
                    {
                        "name": "Suspense",
                        "type": "decimal",
                        "precision": 38,
                        "scale": 2
                    },
                    {
                        "name": "Total Score (40 or 45",
                        "type": "decimal",
                        "precision": 38,
                        "scale": 2
                    },
                    {
                        "name": "Total Score 5",
                        "type": "decimal",
                        "precision": 38,
                        "scale": 2
                    },
                    {
                        "name": "XPusercode",
                        "type": "int",
                        "precision": 10
                    },
                    {
                        "name": "Assistants Emails",
                        "type": "nvarchar"
                    }
                ],
                "typeProperties": {
                    "schema": "dbo",
                    "table": "Assistant KPI Trends"
                }
            },
            "dependsOn": []
        },
        {
            "name": "[concat(parameters('factoryName'), '/AssistantKPITrends')]",
            "type": "Microsoft.DataFactory/factories/datasets",
            "apiVersion": "2018-06-01",
            "properties": {
                "linkedServiceName": {
                    "referenceName": "StagingLinkedService",
                    "type": "LinkedServiceReference"
                },
                "annotations": [],
                "type": "AzureSqlTable",
                "schema": [
                    {
                        "name": "POM",
                        "type": "nvarchar"
                    },
                    {
                        "name": "Partner",
                        "type": "nvarchar"
                    },
                    {
                        "name": "Assistant",
                        "type": "nvarchar"
                    },
                    {
                        "name": "Date Month",
                        "type": "date"
                    },
                    {
                        "name": "xPlan Activity",
                        "type": "decimal",
                        "precision": 38,
                        "scale": 2
                    },
                    {
                        "name": "Compliance",
                        "type": "nvarchar"
                    },
                    {
                        "name": "FICA",
                        "type": "decimal",
                        "precision": 38,
                        "scale": 2
                    },
                    {
                        "name": "Reviews",
                        "type": "decimal",
                        "precision": 38,
                        "scale": 2
                    },
                    {
                        "name": "Book Price",
                        "type": "decimal",
                        "precision": 38,
                        "scale": 2
                    },
                    {
                        "name": "Lodgement",
                        "type": "decimal",
                        "precision": 38,
                        "scale": 2
                    },
                    {
                        "name": "Integration",
                        "type": "decimal",
                        "precision": 38,
                        "scale": 2
                    },
                    {
                        "name": "MAPP",
                        "type": "decimal",
                        "precision": 38,
                        "scale": 2
                    },
                    {
                        "name": "Suspense",
                        "type": "decimal",
                        "precision": 38,
                        "scale": 2
                    },
                    {
                        "name": "Total Score (40 or 45",
                        "type": "decimal",
                        "precision": 38,
                        "scale": 2
                    },
                    {
                        "name": "Total Score 5",
                        "type": "decimal",
                        "precision": 38,
                        "scale": 2
                    },
                    {
                        "name": "XPusercode",
                        "type": "int",
                        "precision": 10
                    },
                    {
                        "name": "Assistants Emails",
                        "type": "nvarchar"
                    }
                ],
                "typeProperties": {
                    "schema": "dbo",
                    "table": "Assistant KPI Trends"
                }
            },
            "dependsOn": []
        },
        {
            "name": "[concat(parameters('factoryName'), '/xPlanStatsDetail')]",
            "type": "Microsoft.DataFactory/factories/datasets",
            "apiVersion": "2018-06-01",
            "properties": {
                "linkedServiceName": {
                    "referenceName": "AzureSqlSuspense",
                    "type": "LinkedServiceReference"
                },
                "annotations": [],
                "type": "AzureSqlTable",
                "schema": [
                    {
                        "name": "Xpusercode",
                        "type": "int",
                        "precision": 10
                    },
                    {
                        "name": "XplanUser",
                        "type": "nvarchar"
                    },
                    {
                        "name": "XplanFieldName",
                        "type": "nvarchar"
                    },
                    {
                        "name": "Demographics",
                        "type": "nvarchar"
                    },
                    {
                        "name": "Management",
                        "type": "nvarchar"
                    },
                    {
                        "name": "Financials",
                        "type": "nvarchar"
                    }
                ],
                "typeProperties": {
                    "schema": "dbo",
                    "table": "xPlanStatsDetail"
                }
            },
            "dependsOn": []
        },
        {
            "name": "[concat(parameters('factoryName'), '/xPlanStatsDetailToSTG')]",
            "type": "Microsoft.DataFactory/factories/datasets",
            "apiVersion": "2018-06-01",
            "properties": {
                "linkedServiceName": {
                    "referenceName": "StagingLinkedService",
                    "type": "LinkedServiceReference"
                },
                "annotations": [],
                "type": "AzureSqlTable",
                "schema": [
                    {
                        "name": "Xpusercode",
                        "type": "int",
                        "precision": 10
                    },
                    {
                        "name": "XplanUser",
                        "type": "nvarchar"
                    },
                    {
                        "name": "XplanFieldName",
                        "type": "nvarchar"
                    },
                    {
                        "name": "Demographics",
                        "type": "nvarchar"
                    },
                    {
                        "name": "Management",
                        "type": "nvarchar"
                    },
                    {
                        "name": "Financials",
                        "type": "nvarchar"
                    }
                ],
                "typeProperties": {
                    "schema": "dbo",
                    "table": "xPlanStatsDetail"
                }
            },
            "dependsOn": []
        },
        {
            "name": "[concat(parameters('factoryName'), '/xPlanStatsKPIFromDev')]",
            "type": "Microsoft.DataFactory/factories/datasets",
            "apiVersion": "2018-06-01",
            "properties": {
                "linkedServiceName": {
                    "referenceName": "AzureSqlSuspense",
                    "type": "LinkedServiceReference"
                },
                "annotations": [],
                "type": "AzureSqlTable",
                "schema": [
                    {
                        "name": "Xpusercode",
                        "type": "int",
                        "precision": 10
                    },
                    {
                        "name": "MISReportingDate",
                        "type": "nvarchar"
                    },
                    {
                        "name": "xPlan Stats user",
                        "type": "nvarchar"
                    },
                    {
                        "name": "Partner",
                        "type": "nvarchar"
                    },
                    {
                        "name": "Assistant",
                        "type": "nvarchar"
                    },
                    {
                        "name": "AuAGroup",
                        "type": "nvarchar"
                    },
                    {
                        "name": "ClientCountGroup",
                        "type": "nvarchar"
                    },
                    {
                        "name": "PracticeAVG",
                        "type": "nvarchar"
                    },
                    {
                        "name": "AssistantAVG",
                        "type": "nvarchar"
                    },
                    {
                        "name": "PracticeRank",
                        "type": "nvarchar"
                    },
                    {
                        "name": "AssistantRank",
                        "type": "nvarchar"
                    },
                    {
                        "name": "MagicNumberPractice",
                        "type": "nvarchar"
                    },
                    {
                        "name": "MagicNumberAssistant",
                        "type": "nvarchar"
                    }
                ],
                "typeProperties": {
                    "schema": "dbo",
                    "table": "xPlanStatsKPI"
                }
            },
            "dependsOn": []
        },
        {
            "name": "[concat(parameters('factoryName'), '/xPlanStatsKPIToSTG')]",
            "type": "Microsoft.DataFactory/factories/datasets",
            "apiVersion": "2018-06-01",
            "properties": {
                "linkedServiceName": {
                    "referenceName": "StagingLinkedService",
                    "type": "LinkedServiceReference"
                },
                "annotations": [],
                "type": "AzureSqlTable",
                "schema": [
                    {
                        "name": "Xpusercode",
                        "type": "int",
                        "precision": 10
                    },
                    {
                        "name": "MISReportingDate",
                        "type": "nvarchar"
                    },
                    {
                        "name": "xPlan Stats user",
                        "type": "nvarchar"
                    },
                    {
                        "name": "Partner",
                        "type": "nvarchar"
                    },
                    {
                        "name": "Assistant",
                        "type": "nvarchar"
                    },
                    {
                        "name": "AuAGroup",
                        "type": "nvarchar"
                    },
                    {
                        "name": "ClientCountGroup",
                        "type": "nvarchar"
                    },
                    {
                        "name": "PracticeAVG",
                        "type": "nvarchar"
                    },
                    {
                        "name": "AssistantAVG",
                        "type": "nvarchar"
                    },
                    {
                        "name": "PracticeRank",
                        "type": "nvarchar"
                    },
                    {
                        "name": "AssistantRank",
                        "type": "nvarchar"
                    },
                    {
                        "name": "MagicNumberPractice",
                        "type": "nvarchar"
                    },
                    {
                        "name": "MagicNumberAssistant",
                        "type": "nvarchar"
                    }
                ],
                "typeProperties": {
                    "schema": "dbo",
                    "table": "xPlanStatsKPI"
                }
            },
            "dependsOn": []
        },
        {
            "name": "[concat(parameters('factoryName'), '/PEPFromDev')]",
            "type": "Microsoft.DataFactory/factories/datasets",
            "apiVersion": "2018-06-01",
            "properties": {
                "linkedServiceName": {
                    "referenceName": "AzureSqlSuspense",
                    "type": "LinkedServiceReference"
                },
                "annotations": [],
                "type": "AzureSqlTable",
                "schema": [
                    {
                        "name": "Partner Name",
                        "type": "nvarchar"
                    },
                    {
                        "name": "XPUserCode",
                        "type": "int",
                        "precision": 10
                    },
                    {
                        "name": "SQLPartnerCheck",
                        "type": "int",
                        "precision": 10
                    },
                    {
                        "name": "Tenure",
                        "type": "int",
                        "precision": 10
                    },
                    {
                        "name": "Current",
                        "type": "int",
                        "precision": 10
                    },
                    {
                        "name": "Projected",
                        "type": "int",
                        "precision": 10
                    }
                ],
                "typeProperties": {
                    "schema": "dbo",
                    "table": "PRACTISE_VALUATION_CONTRACTUAL_COMMITMENT"
                }
            },
            "dependsOn": []
        },
        {
            "name": "[concat(parameters('factoryName'), '/DeathDisabilityFromSQL')]",
            "type": "Microsoft.DataFactory/factories/datasets",
            "apiVersion": "2018-06-01",
            "properties": {
                "linkedServiceName": {
                    "referenceName": "AzureSqlSuspense",
                    "type": "LinkedServiceReference"
                },
                "annotations": [],
                "type": "AzureSqlTable",
                "schema": [
                    {
                        "name": "XPUSERCODE",
                        "type": "int",
                        "precision": 10
                    },
                    {
                        "name": "Partner Name",
                        "type": "nvarchar"
                    },
                    {
                        "name": "Start Date",
                        "type": "date"
                    },
                    {
                        "name": "Tenure Years",
                        "type": "int",
                        "precision": 10
                    },
                    {
                        "name": "12 Month Ongoing Earnings",
                        "type": "int",
                        "precision": 10
                    },
                    {
                        "name": "Months",
                        "type": "int",
                        "precision": 10
                    }
                ],
                "typeProperties": {
                    "schema": "dbo",
                    "table": "Death Disability"
                }
            },
            "dependsOn": []
        }
    ]
}