{
    "$schema": "http://schema.management.azure.com/schemas/2015-01-01/deploymentTemplate.json#",
    "contentVersion": "1.0.0.0",
    "parameters": {
        "factoryName": {
            "type": "string",
            "metadata": "Data Factory name",
            "defaultValue": "CompassAPICalls"
        },
        "AdviceworxSFTP_password": {
            "type": "secureString",
            "metadata": "Secure string for 'password' of 'AdviceworxSFTP'"
        },
        "CompassCloudSQL_StoreDataStep_connectionString": {
            "type": "secureString",
            "metadata": "Secure string for 'connectionString' of 'CompassCloudSQL_StoreDataStep'"
        },
        "CompassCloudSQL_Staging_connectionString": {
            "type": "secureString",
            "metadata": "Secure string for 'connectionString' of 'CompassCloudSQL_Staging'"
        },
        "COMMS DB STAGING_connectionString": {
            "type": "secureString",
            "metadata": "Secure string for 'connectionString' of 'COMMS DB STAGING'"
        },
        "FICASQLSTAG_connectionString": {
            "type": "secureString",
            "metadata": "Secure string for 'connectionString' of 'FICASQLSTAG'"
        },
        "FICA PRODUC_connectionString": {
            "type": "secureString",
            "metadata": "Secure string for 'connectionString' of 'FICA PRODUC'"
        },
        "UserDB Product_connectionString": {
            "type": "secureString",
            "metadata": "Secure string for 'connectionString' of 'UserDB Product'"
        },
        "COMMS DB PROD_connectionString": {
            "type": "secureString",
            "metadata": "Secure string for 'connectionString' of 'COMMS DB PROD'"
        },
        "ReviewsSQLStag_connectionString": {
            "type": "secureString",
            "metadata": "Secure string for 'connectionString' of 'ReviewsSQLStag'"
        },
        "ReviewsSQLStagConnect_connectionString": {
            "type": "secureString",
            "metadata": "Secure string for 'connectionString' of 'ReviewsSQLStagConnect'"
        },
        "ReviewsSQLPRODConnect_connectionString": {
            "type": "secureString",
            "metadata": "Secure string for 'connectionString' of 'ReviewsSQLPRODConnect'"
        },
        "AzureMasterAssetClientMap_connectionString": {
            "type": "secureString",
            "metadata": "Secure string for 'connectionString' of 'AzureMasterAssetClientMap'"
        },
        "AssetClientMappV1_password": {
            "type": "secureString",
            "metadata": "Secure string for 'password' of 'AssetClientMappV1'"
        },
        "AssetClientMapSQL_connectionString": {
            "type": "secureString",
            "metadata": "Secure string for 'connectionString' of 'AssetClientMapSQL'"
        },
        "AssetClientMapxSFTP_password": {
            "type": "secureString",
            "metadata": "Secure string for 'password' of 'AssetClientMapxSFTP'"
        },
        "AssetClientMapSQLV2_connectionString": {
            "type": "secureString",
            "metadata": "Secure string for 'connectionString' of 'AssetClientMapSQLV2'"
        },
        "AzureSqlSuspense_connectionString": {
            "type": "secureString",
            "metadata": "Secure string for 'connectionString' of 'AzureSqlSuspense'"
        },
        "AzureSqlDatabase1_connectionString": {
            "type": "secureString",
            "metadata": "Secure string for 'connectionString' of 'AzureSqlDatabase1'"
        },
        "AzureSqlSuspensetoPRD_connectionString": {
            "type": "secureString",
            "metadata": "Secure string for 'connectionString' of 'AzureSqlSuspensetoPRD'"
        },
        "AzureSuspenseToPRD_connectionString": {
            "type": "secureString",
            "metadata": "Secure string for 'connectionString' of 'AzureSuspenseToPRD'"
        },
        "AdviceworxSFTP_properties_typeProperties_host": {
            "type": "string",
            "defaultValue": "adviceworx-reportinghub.southafricanorth.cloudapp.azure.com"
        },
        "AdviceworxSFTP_properties_typeProperties_userName": {
            "type": "string",
            "defaultValue": "kylep"
        },
        "AssetClientMappV1_properties_typeProperties_host": {
            "type": "string",
            "defaultValue": "adviceworx-reportinghub.southafricanorth.cloudapp.azure.com"
        },
        "AssetClientMappV1_properties_typeProperties_userName": {
            "type": "string",
            "defaultValue": "henrym"
        },
        "AssetClientMapxSFTP_properties_typeProperties_host": {
            "type": "string",
            "defaultValue": "adviceworx-reportinghub.southafricanorth.cloudapp.azure.com"
        },
        "AssetClientMapxSFTP_properties_typeProperties_userName": {
            "type": "string",
            "defaultValue": "henrym"
        }
    },
    "variables": {
        "factoryId": "[concat('Microsoft.DataFactory/factories/', parameters('factoryName'))]"
    },
    "resources": [
        {
            "name": "[concat(parameters('factoryName'), '/AdviceworxSFTP')]",
            "type": "Microsoft.DataFactory/factories/linkedServices",
            "apiVersion": "2018-06-01",
            "properties": {
                "description": "Location of where the UserDB.csv is stored. The CSV is generated at 23:30pm daily to ensure Pipeline fetches it in time to store to SQL",
                "annotations": [],
                "type": "Sftp",
                "typeProperties": {
                    "host": "[parameters('AdviceworxSFTP_properties_typeProperties_host')]",
                    "port": 22,
                    "skipHostKeyValidation": true,
                    "authenticationType": "Basic",
                    "userName": "[parameters('AdviceworxSFTP_properties_typeProperties_userName')]",
                    "password": {
                        "type": "SecureString",
                        "value": "[parameters('AdviceworxSFTP_password')]"
                    }
                }
            },
            "dependsOn": []
        },
        {
            "name": "[concat(parameters('factoryName'), '/CompassCloudSQL_StoreDataStep')]",
            "type": "Microsoft.DataFactory/factories/linkedServices",
            "apiVersion": "2018-06-01",
            "properties": {
                "description": "This step stores data from UserDB.csv to dbo.UserDB in CompassSQL Database",
                "annotations": [],
                "type": "AzureSqlDatabase",
                "typeProperties": {
                    "connectionString": "[parameters('CompassCloudSQL_StoreDataStep_connectionString')]"
                }
            },
            "dependsOn": []
        },
        {
            "name": "[concat(parameters('factoryName'), '/CompassCloudSQL_Staging')]",
            "type": "Microsoft.DataFactory/factories/linkedServices",
            "apiVersion": "2018-06-01",
            "properties": {
                "annotations": [],
                "type": "AzureSqlDatabase",
                "typeProperties": {
                    "connectionString": "[parameters('CompassCloudSQL_Staging_connectionString')]"
                }
            },
            "dependsOn": []
        },
        {
            "name": "[concat(parameters('factoryName'), '/COMMS DB STAGING')]",
            "type": "Microsoft.DataFactory/factories/linkedServices",
            "apiVersion": "2018-06-01",
            "properties": {
                "description": "Comms Staging",
                "annotations": [],
                "type": "AzureSqlDatabase",
                "typeProperties": {
                    "connectionString": "[parameters('COMMS DB STAGING_connectionString')]"
                }
            },
            "dependsOn": []
        },
        {
            "name": "[concat(parameters('factoryName'), '/FICASQLSTAG')]",
            "type": "Microsoft.DataFactory/factories/linkedServices",
            "apiVersion": "2018-06-01",
            "properties": {
                "description": "Send to FICA SQL STAG",
                "annotations": [],
                "type": "AzureSqlDatabase",
                "typeProperties": {
                    "connectionString": "[parameters('FICASQLSTAG_connectionString')]"
                }
            },
            "dependsOn": []
        },
        {
            "name": "[concat(parameters('factoryName'), '/FICA PRODUC')]",
            "type": "Microsoft.DataFactory/factories/linkedServices",
            "apiVersion": "2018-06-01",
            "properties": {
                "description": "Send to Produ",
                "annotations": [],
                "type": "AzureSqlDatabase",
                "typeProperties": {
                    "connectionString": "[parameters('FICA PRODUC_connectionString')]"
                }
            },
            "dependsOn": []
        },
        {
            "name": "[concat(parameters('factoryName'), '/UserDB Product')]",
            "type": "Microsoft.DataFactory/factories/linkedServices",
            "apiVersion": "2018-06-01",
            "properties": {
                "description": "Send TO PROD",
                "annotations": [],
                "type": "AzureSqlDatabase",
                "typeProperties": {
                    "connectionString": "[parameters('UserDB Product_connectionString')]"
                }
            },
            "dependsOn": []
        },
        {
            "name": "[concat(parameters('factoryName'), '/COMMS DB PROD')]",
            "type": "Microsoft.DataFactory/factories/linkedServices",
            "apiVersion": "2018-06-01",
            "properties": {
                "description": "SEND COMMS TO PROD",
                "annotations": [],
                "type": "AzureSqlDatabase",
                "typeProperties": {
                    "connectionString": "[parameters('COMMS DB PROD_connectionString')]"
                }
            },
            "dependsOn": []
        },
        {
            "name": "[concat(parameters('factoryName'), '/ReviewsSQLStag')]",
            "type": "Microsoft.DataFactory/factories/linkedServices",
            "apiVersion": "2018-06-01",
            "properties": {
                "annotations": [],
                "type": "AzureSqlDatabase",
                "typeProperties": {
                    "connectionString": "[parameters('ReviewsSQLStag_connectionString')]"
                }
            },
            "dependsOn": []
        },
        {
            "name": "[concat(parameters('factoryName'), '/ReviewsSQLStagConnect')]",
            "type": "Microsoft.DataFactory/factories/linkedServices",
            "apiVersion": "2018-06-01",
            "properties": {
                "description": "Store to reviews sql stag",
                "annotations": [],
                "type": "AzureSqlDatabase",
                "typeProperties": {
                    "connectionString": "[parameters('ReviewsSQLStagConnect_connectionString')]"
                }
            },
            "dependsOn": []
        },
        {
            "name": "[concat(parameters('factoryName'), '/ReviewsSQLPRODConnect')]",
            "type": "Microsoft.DataFactory/factories/linkedServices",
            "apiVersion": "2018-06-01",
            "properties": {
                "description": "Send to sql prod",
                "annotations": [],
                "type": "AzureSqlDatabase",
                "typeProperties": {
                    "connectionString": "[parameters('ReviewsSQLPRODConnect_connectionString')]"
                }
            },
            "dependsOn": []
        },
        {
            "name": "[concat(parameters('factoryName'), '/AzureMasterAssetClientMap')]",
            "type": "Microsoft.DataFactory/factories/linkedServices",
            "apiVersion": "2018-06-01",
            "properties": {
                "annotations": [],
                "type": "AzureSqlDatabase",
                "typeProperties": {
                    "connectionString": "[parameters('AzureMasterAssetClientMap_connectionString')]"
                }
            },
            "dependsOn": []
        },
        {
            "name": "[concat(parameters('factoryName'), '/AssetClientMappV1')]",
            "type": "Microsoft.DataFactory/factories/linkedServices",
            "apiVersion": "2018-06-01",
            "properties": {
                "annotations": [],
                "type": "Sftp",
                "typeProperties": {
                    "host": "[parameters('AssetClientMappV1_properties_typeProperties_host')]",
                    "port": 22,
                    "skipHostKeyValidation": true,
                    "authenticationType": "Basic",
                    "userName": "[parameters('AssetClientMappV1_properties_typeProperties_userName')]",
                    "password": {
                        "type": "SecureString",
                        "value": "[parameters('AssetClientMappV1_password')]"
                    }
                }
            },
            "dependsOn": []
        },
        {
            "name": "[concat(parameters('factoryName'), '/AssetClientMapSQL')]",
            "type": "Microsoft.DataFactory/factories/linkedServices",
            "apiVersion": "2018-06-01",
            "properties": {
                "annotations": [],
                "type": "AzureSqlDatabase",
                "typeProperties": {
                    "connectionString": "[parameters('AssetClientMapSQL_connectionString')]"
                }
            },
            "dependsOn": []
        },
        {
            "name": "[concat(parameters('factoryName'), '/AssetClientMapxSFTP')]",
            "type": "Microsoft.DataFactory/factories/linkedServices",
            "apiVersion": "2018-06-01",
            "properties": {
                "description": "The AssetClientMap.csv which sits on the SFTP",
                "annotations": [],
                "type": "Sftp",
                "typeProperties": {
                    "host": "[parameters('AssetClientMapxSFTP_properties_typeProperties_host')]",
                    "port": 22,
                    "skipHostKeyValidation": true,
                    "authenticationType": "Basic",
                    "userName": "[parameters('AssetClientMapxSFTP_properties_typeProperties_userName')]",
                    "password": {
                        "type": "SecureString",
                        "value": "[parameters('AssetClientMapxSFTP_password')]"
                    }
                }
            },
            "dependsOn": []
        },
        {
            "name": "[concat(parameters('factoryName'), '/AssetClientMapSQLV2')]",
            "type": "Microsoft.DataFactory/factories/linkedServices",
            "apiVersion": "2018-06-01",
            "properties": {
                "annotations": [],
                "type": "SqlServer",
                "typeProperties": {
                    "connectionString": "[parameters('AssetClientMapSQLV2_connectionString')]"
                }
            },
            "dependsOn": []
        },
        {
            "name": "[concat(parameters('factoryName'), '/AzureSqlSuspense')]",
            "type": "Microsoft.DataFactory/factories/linkedServices",
            "apiVersion": "2018-06-01",
            "properties": {
                "annotations": [],
                "type": "AzureSqlDatabase",
                "typeProperties": {
                    "connectionString": "[parameters('AzureSqlSuspense_connectionString')]"
                }
            },
            "dependsOn": []
        },
        {
            "name": "[concat(parameters('factoryName'), '/AzureSqlDatabase1')]",
            "type": "Microsoft.DataFactory/factories/linkedServices",
            "apiVersion": "2018-06-01",
            "properties": {
                "annotations": [],
                "type": "AzureSqlDatabase",
                "typeProperties": {
                    "connectionString": "[parameters('AzureSqlDatabase1_connectionString')]"
                }
            },
            "dependsOn": []
        },
        {
            "name": "[concat(parameters('factoryName'), '/AzureSqlSuspensetoPRD')]",
            "type": "Microsoft.DataFactory/factories/linkedServices",
            "apiVersion": "2018-06-01",
            "properties": {
                "annotations": [],
                "type": "AzureSqlDatabase",
                "typeProperties": {
                    "connectionString": "[parameters('AzureSqlSuspensetoPRD_connectionString')]"
                }
            },
            "dependsOn": []
        },
        {
            "name": "[concat(parameters('factoryName'), '/AzureSuspenseToPRD')]",
            "type": "Microsoft.DataFactory/factories/linkedServices",
            "apiVersion": "2018-06-01",
            "properties": {
                "annotations": [],
                "type": "AzureSqlDatabase",
                "typeProperties": {
                    "connectionString": "[parameters('AzureSuspenseToPRD_connectionString')]"
                }
            },
            "dependsOn": []
        }
    ]
}