{
    "$schema": "http://schema.management.azure.com/schemas/2015-01-01/deploymentTemplate.json#",
    "contentVersion": "1.0.0.0",
    "parameters": {
        "factoryName": {
            "type": "string",
            "metadata": "Data Factory name",
            "defaultValue": "CompassAPICalls"
        },
        "AdviceworxSFTP_password": {
            "type": "secureString",
            "metadata": "Secure string for 'password' of 'AdviceworxSFTP'"
        },
        "CompassCloudSQL_StoreDataStep_connectionString": {
            "type": "secureString",
            "metadata": "Secure string for 'connectionString' of 'CompassCloudSQL_StoreDataStep'"
        },
        "CompassCloudSQL_Staging_connectionString": {
            "type": "secureString",
            "metadata": "Secure string for 'connectionString' of 'CompassCloudSQL_Staging'"
        },
        "COMMS DB STAGING_connectionString": {
            "type": "secureString",
            "metadata": "Secure string for 'connectionString' of 'COMMS DB STAGING'"
        },
        "FICASQLSTAG_connectionString": {
            "type": "secureString",
            "metadata": "Secure string for 'connectionString' of 'FICASQLSTAG'"
        },
        "FICA PRODUC_connectionString": {
            "type": "secureString",
            "metadata": "Secure string for 'connectionString' of 'FICA PRODUC'"
        },
        "UserDB Product_connectionString": {
            "type": "secureString",
            "metadata": "Secure string for 'connectionString' of 'UserDB Product'"
        },
        "COMMS DB PROD_connectionString": {
            "type": "secureString",
            "metadata": "Secure string for 'connectionString' of 'COMMS DB PROD'"
        },
        "ReviewsSQLStag_connectionString": {
            "type": "secureString",
            "metadata": "Secure string for 'connectionString' of 'ReviewsSQLStag'"
        },
        "ReviewsSQLStagConnect_connectionString": {
            "type": "secureString",
            "metadata": "Secure string for 'connectionString' of 'ReviewsSQLStagConnect'"
        },
        "ReviewsSQLPRODConnect_connectionString": {
            "type": "secureString",
            "metadata": "Secure string for 'connectionString' of 'ReviewsSQLPRODConnect'"
        },
        "AzureMasterAssetClientMap_connectionString": {
            "type": "secureString",
            "metadata": "Secure string for 'connectionString' of 'AzureMasterAssetClientMap'"
        },
        "AssetClientMappV1_password": {
            "type": "secureString",
            "metadata": "Secure string for 'password' of 'AssetClientMappV1'"
        },
        "AssetClientMapSQL_connectionString": {
            "type": "secureString",
            "metadata": "Secure string for 'connectionString' of 'AssetClientMapSQL'"
        },
        "AssetClientMapxSFTP_password": {
            "type": "secureString",
            "metadata": "Secure string for 'password' of 'AssetClientMapxSFTP'"
        },
        "AssetClientMapSQLV2_connectionString": {
            "type": "secureString",
            "metadata": "Secure string for 'connectionString' of 'AssetClientMapSQLV2'"
        },
        "AzureSqlSuspense_connectionString": {
            "type": "secureString",
            "metadata": "Secure string for 'connectionString' of 'AzureSqlSuspense'"
        },
        "AzureSqlDatabase1_connectionString": {
            "type": "secureString",
            "metadata": "Secure string for 'connectionString' of 'AzureSqlDatabase1'"
        },
        "AzureSqlSuspensetoPRD_connectionString": {
            "type": "secureString",
            "metadata": "Secure string for 'connectionString' of 'AzureSqlSuspensetoPRD'"
        },
        "AzureSuspenseToPRD_connectionString": {
            "type": "secureString",
            "metadata": "Secure string for 'connectionString' of 'AzureSuspenseToPRD'"
        },
        "AzureSql_Map_Test_connectionString": {
            "type": "secureString",
            "metadata": "Secure string for 'connectionString' of 'AzureSql_Map_Test'"
        },
        "SQLStagingEenvironment_connectionString": {
            "type": "secureString",
            "metadata": "Secure string for 'connectionString' of 'SQLStagingEenvironment'"
        },
        "MappPrdPush_connectionString": {
            "type": "secureString",
            "metadata": "Secure string for 'connectionString' of 'MappPrdPush'"
        },
        "AUASQL_connectionString": {
            "type": "secureString",
            "metadata": "Secure string for 'connectionString' of 'AUASQL'"
        },
        "AzureSqlDatabase2_connectionString": {
            "type": "secureString",
            "metadata": "Secure string for 'connectionString' of 'AzureSqlDatabase2'"
        },
        "StagingLinkedService_connectionString": {
            "type": "secureString",
            "metadata": "Secure string for 'connectionString' of 'StagingLinkedService'"
        },
        "AzureStorageLinkedService_connectionString": {
            "type": "secureString",
            "metadata": "Secure string for 'connectionString' of 'AzureStorageLinkedService'"
        },
        "AzureSqlDatabaseLinkedService_connectionString": {
            "type": "secureString",
            "metadata": "Secure string for 'connectionString' of 'AzureSqlDatabaseLinkedService'"
        },
        "DividensSqlLinkedService_connectionString": {
            "type": "secureString",
            "metadata": "Secure string for 'connectionString' of 'DividensSqlLinkedService'"
        },
        "AdviceworxSFTPWealthMap_password": {
            "type": "secureString",
            "metadata": "Secure string for 'password' of 'AdviceworxSFTPWealthMap'"
        },
        "WealthMapSqlDatabase_connectionString": {
            "type": "secureString",
            "metadata": "Secure string for 'connectionString' of 'WealthMapSqlDatabase'"
        },
        "WealthMapSQLDev_connectionString": {
            "type": "secureString",
            "metadata": "Secure string for 'connectionString' of 'WealthMapSQLDev'"
        },
        "dividensLink_connectionString": {
            "type": "secureString",
            "metadata": "Secure string for 'connectionString' of 'dividensLink'"
        },
        "DividensLinked_connectionString": {
            "type": "secureString",
            "metadata": "Secure string for 'connectionString' of 'DividensLinked'"
        },
        "DevSQLNew30042024_connectionString": {
            "type": "secureString",
            "metadata": "Secure string for 'connectionString' of 'DevSQLNew30042024'"
        },
        "StgSQLNew30042024_connectionString": {
            "type": "secureString",
            "metadata": "Secure string for 'connectionString' of 'StgSQLNew30042024'"
        },
        "PrdSQLNew30042024_connectionString": {
            "type": "secureString",
            "metadata": "Secure string for 'connectionString' of 'PrdSQLNew30042024'"
        },
        "AdviceworxSFTP_properties_typeProperties_host": {
            "type": "string",
            "defaultValue": "adviceworx-reportinghub.southafricanorth.cloudapp.azure.com"
        },
        "AdviceworxSFTP_properties_typeProperties_userName": {
            "type": "string",
            "defaultValue": "kylep"
        },
        "AssetClientMappV1_properties_typeProperties_host": {
            "type": "string",
            "defaultValue": "adviceworx-reportinghub.southafricanorth.cloudapp.azure.com"
        },
        "AssetClientMappV1_properties_typeProperties_userName": {
            "type": "string",
            "defaultValue": "henrym"
        },
        "AssetClientMapxSFTP_properties_typeProperties_host": {
            "type": "string",
            "defaultValue": "adviceworx-reportinghub.southafricanorth.cloudapp.azure.com"
        },
        "AssetClientMapxSFTP_properties_typeProperties_userName": {
            "type": "string",
            "defaultValue": "henrym"
        },
        "AdviceworxSFTPWealthMap_properties_typeProperties_host": {
            "type": "string",
            "defaultValue": "adviceworx-reportinghub.southafricanorth.cloudapp.azure.com"
        },
        "AdviceworxSFTPWealthMap_properties_typeProperties_userName": {
            "type": "string",
            "defaultValue": "kylep"
        },
        "containerUri": {
            "type": "string",
            "metadata": "URI to storage account containing linked ARM templates"
        },
        "containerSasToken": {
            "type": "string",
            "metadata": "Sas token to storage account containing linked ARM templates"
        }
    },
    "variables": {
        "factoryId": "[concat('Microsoft.DataFactory/factories/', parameters('factoryName'))]"
    },
    "resources": [
        {
            "name": "CompassAPICalls_ArmTemplate_0",
            "type": "Microsoft.Resources/deployments",
            "apiVersion": "2024-03-01",
            "properties": {
                "mode": "incremental",
                "templateLink": {
                    "uri": "[concat(parameters('containerUri'), '/ArmTemplate_0.json', parameters('containerSasToken'))]",
                    "contentVersion": "1.0.0.0"
                },
                "parameters": {
                    "factoryName": {
                        "value": "[parameters('factoryName')]"
                    },
                    "AdviceworxSFTP_password": {
                        "value": "[parameters('AdviceworxSFTP_password')]"
                    },
                    "CompassCloudSQL_StoreDataStep_connectionString": {
                        "value": "[parameters('CompassCloudSQL_StoreDataStep_connectionString')]"
                    },
                    "CompassCloudSQL_Staging_connectionString": {
                        "value": "[parameters('CompassCloudSQL_Staging_connectionString')]"
                    },
                    "COMMS DB STAGING_connectionString": {
                        "value": "[parameters('COMMS DB STAGING_connectionString')]"
                    },
                    "FICASQLSTAG_connectionString": {
                        "value": "[parameters('FICASQLSTAG_connectionString')]"
                    },
                    "FICA PRODUC_connectionString": {
                        "value": "[parameters('FICA PRODUC_connectionString')]"
                    },
                    "UserDB Product_connectionString": {
                        "value": "[parameters('UserDB Product_connectionString')]"
                    },
                    "COMMS DB PROD_connectionString": {
                        "value": "[parameters('COMMS DB PROD_connectionString')]"
                    },
                    "ReviewsSQLStag_connectionString": {
                        "value": "[parameters('ReviewsSQLStag_connectionString')]"
                    },
                    "ReviewsSQLStagConnect_connectionString": {
                        "value": "[parameters('ReviewsSQLStagConnect_connectionString')]"
                    },
                    "ReviewsSQLPRODConnect_connectionString": {
                        "value": "[parameters('ReviewsSQLPRODConnect_connectionString')]"
                    },
                    "AzureMasterAssetClientMap_connectionString": {
                        "value": "[parameters('AzureMasterAssetClientMap_connectionString')]"
                    },
                    "AssetClientMappV1_password": {
                        "value": "[parameters('AssetClientMappV1_password')]"
                    },
                    "AssetClientMapSQL_connectionString": {
                        "value": "[parameters('AssetClientMapSQL_connectionString')]"
                    },
                    "AssetClientMapxSFTP_password": {
                        "value": "[parameters('AssetClientMapxSFTP_password')]"
                    },
                    "AssetClientMapSQLV2_connectionString": {
                        "value": "[parameters('AssetClientMapSQLV2_connectionString')]"
                    },
                    "AzureSqlSuspense_connectionString": {
                        "value": "[parameters('AzureSqlSuspense_connectionString')]"
                    },
                    "AzureSqlDatabase1_connectionString": {
                        "value": "[parameters('AzureSqlDatabase1_connectionString')]"
                    },
                    "AzureSqlSuspensetoPRD_connectionString": {
                        "value": "[parameters('AzureSqlSuspensetoPRD_connectionString')]"
                    },
                    "AzureSuspenseToPRD_connectionString": {
                        "value": "[parameters('AzureSuspenseToPRD_connectionString')]"
                    },
                    "AdviceworxSFTP_properties_typeProperties_host": {
                        "value": "[parameters('AdviceworxSFTP_properties_typeProperties_host')]"
                    },
                    "AdviceworxSFTP_properties_typeProperties_userName": {
                        "value": "[parameters('AdviceworxSFTP_properties_typeProperties_userName')]"
                    },
                    "AssetClientMappV1_properties_typeProperties_host": {
                        "value": "[parameters('AssetClientMappV1_properties_typeProperties_host')]"
                    },
                    "AssetClientMappV1_properties_typeProperties_userName": {
                        "value": "[parameters('AssetClientMappV1_properties_typeProperties_userName')]"
                    },
                    "AssetClientMapxSFTP_properties_typeProperties_host": {
                        "value": "[parameters('AssetClientMapxSFTP_properties_typeProperties_host')]"
                    },
                    "AssetClientMapxSFTP_properties_typeProperties_userName": {
                        "value": "[parameters('AssetClientMapxSFTP_properties_typeProperties_userName')]"
                    }
                }
            },
            "dependsOn": []
        },
        {
            "name": "CompassAPICalls_ArmTemplate_1",
            "type": "Microsoft.Resources/deployments",
            "apiVersion": "2024-03-01",
            "properties": {
                "mode": "incremental",
                "templateLink": {
                    "uri": "[concat(parameters('containerUri'), '/ArmTemplate_1.json', parameters('containerSasToken'))]",
                    "contentVersion": "1.0.0.0"
                },
                "parameters": {
                    "factoryName": {
                        "value": "[parameters('factoryName')]"
                    },
                    "AzureSql_Map_Test_connectionString": {
                        "value": "[parameters('AzureSql_Map_Test_connectionString')]"
                    },
                    "SQLStagingEenvironment_connectionString": {
                        "value": "[parameters('SQLStagingEenvironment_connectionString')]"
                    },
                    "MappPrdPush_connectionString": {
                        "value": "[parameters('MappPrdPush_connectionString')]"
                    },
                    "AUASQL_connectionString": {
                        "value": "[parameters('AUASQL_connectionString')]"
                    },
                    "AzureSqlDatabase2_connectionString": {
                        "value": "[parameters('AzureSqlDatabase2_connectionString')]"
                    },
                    "StagingLinkedService_connectionString": {
                        "value": "[parameters('StagingLinkedService_connectionString')]"
                    },
                    "AzureStorageLinkedService_connectionString": {
                        "value": "[parameters('AzureStorageLinkedService_connectionString')]"
                    },
                    "AzureSqlDatabaseLinkedService_connectionString": {
                        "value": "[parameters('AzureSqlDatabaseLinkedService_connectionString')]"
                    },
                    "DividensSqlLinkedService_connectionString": {
                        "value": "[parameters('DividensSqlLinkedService_connectionString')]"
                    },
                    "AdviceworxSFTPWealthMap_password": {
                        "value": "[parameters('AdviceworxSFTPWealthMap_password')]"
                    },
                    "WealthMapSqlDatabase_connectionString": {
                        "value": "[parameters('WealthMapSqlDatabase_connectionString')]"
                    },
                    "WealthMapSQLDev_connectionString": {
                        "value": "[parameters('WealthMapSQLDev_connectionString')]"
                    },
                    "dividensLink_connectionString": {
                        "value": "[parameters('dividensLink_connectionString')]"
                    },
                    "DividensLinked_connectionString": {
                        "value": "[parameters('DividensLinked_connectionString')]"
                    },
                    "DevSQLNew30042024_connectionString": {
                        "value": "[parameters('DevSQLNew30042024_connectionString')]"
                    },
                    "StgSQLNew30042024_connectionString": {
                        "value": "[parameters('StgSQLNew30042024_connectionString')]"
                    },
                    "PrdSQLNew30042024_connectionString": {
                        "value": "[parameters('PrdSQLNew30042024_connectionString')]"
                    },
                    "AdviceworxSFTPWealthMap_properties_typeProperties_host": {
                        "value": "[parameters('AdviceworxSFTPWealthMap_properties_typeProperties_host')]"
                    },
                    "AdviceworxSFTPWealthMap_properties_typeProperties_userName": {
                        "value": "[parameters('AdviceworxSFTPWealthMap_properties_typeProperties_userName')]"
                    }
                }
            },
            "dependsOn": [
                "[resourceId('Microsoft.Resources/deployments', 'CompassAPICalls_ArmTemplate_0')]"
            ]
        },
        {
            "name": "CompassAPICalls_ArmTemplate_2",
            "type": "Microsoft.Resources/deployments",
            "apiVersion": "2024-03-01",
            "properties": {
                "mode": "incremental",
                "templateLink": {
                    "uri": "[concat(parameters('containerUri'), '/ArmTemplate_2.json', parameters('containerSasToken'))]",
                    "contentVersion": "1.0.0.0"
                },
                "parameters": {
                    "factoryName": {
                        "value": "[parameters('factoryName')]"
                    }
                }
            },
            "dependsOn": [
                "[resourceId('Microsoft.Resources/deployments', 'CompassAPICalls_ArmTemplate_1')]"
            ]
        },
        {
            "name": "CompassAPICalls_ArmTemplate_3",
            "type": "Microsoft.Resources/deployments",
            "apiVersion": "2024-03-01",
            "properties": {
                "mode": "incremental",
                "templateLink": {
                    "uri": "[concat(parameters('containerUri'), '/ArmTemplate_3.json', parameters('containerSasToken'))]",
                    "contentVersion": "1.0.0.0"
                },
                "parameters": {
                    "factoryName": {
                        "value": "[parameters('factoryName')]"
                    }
                }
            },
            "dependsOn": [
                "[resourceId('Microsoft.Resources/deployments', 'CompassAPICalls_ArmTemplate_2')]"
            ]
        },
        {
            "name": "CompassAPICalls_ArmTemplate_4",
            "type": "Microsoft.Resources/deployments",
            "apiVersion": "2024-03-01",
            "properties": {
                "mode": "incremental",
                "templateLink": {
                    "uri": "[concat(parameters('containerUri'), '/ArmTemplate_4.json', parameters('containerSasToken'))]",
                    "contentVersion": "1.0.0.0"
                },
                "parameters": {
                    "factoryName": {
                        "value": "[parameters('factoryName')]"
                    }
                }
            },
            "dependsOn": [
                "[resourceId('Microsoft.Resources/deployments', 'CompassAPICalls_ArmTemplate_3')]"
            ]
        },
        {
            "name": "CompassAPICalls_ArmTemplate_5",
            "type": "Microsoft.Resources/deployments",
            "apiVersion": "2024-03-01",
            "properties": {
                "mode": "incremental",
                "templateLink": {
                    "uri": "[concat(parameters('containerUri'), '/ArmTemplate_5.json', parameters('containerSasToken'))]",
                    "contentVersion": "1.0.0.0"
                },
                "parameters": {
                    "factoryName": {
                        "value": "[parameters('factoryName')]"
                    }
                }
            },
            "dependsOn": [
                "[resourceId('Microsoft.Resources/deployments', 'CompassAPICalls_ArmTemplate_4')]"
            ]
        },
        {
            "name": "CompassAPICalls_ArmTemplate_6",
            "type": "Microsoft.Resources/deployments",
            "apiVersion": "2024-03-01",
            "properties": {
                "mode": "incremental",
                "templateLink": {
                    "uri": "[concat(parameters('containerUri'), '/ArmTemplate_6.json', parameters('containerSasToken'))]",
                    "contentVersion": "1.0.0.0"
                },
                "parameters": {
                    "factoryName": {
                        "value": "[parameters('factoryName')]"
                    }
                }
            },
            "dependsOn": [
                "[resourceId('Microsoft.Resources/deployments', 'CompassAPICalls_ArmTemplate_5')]"
            ]
        },
        {
            "name": "CompassAPICalls_ArmTemplate_7",
            "type": "Microsoft.Resources/deployments",
            "apiVersion": "2024-03-01",
            "properties": {
                "mode": "incremental",
                "templateLink": {
                    "uri": "[concat(parameters('containerUri'), '/ArmTemplate_7.json', parameters('containerSasToken'))]",
                    "contentVersion": "1.0.0.0"
                },
                "parameters": {
                    "factoryName": {
                        "value": "[parameters('factoryName')]"
                    }
                }
            },
            "dependsOn": [
                "[resourceId('Microsoft.Resources/deployments', 'CompassAPICalls_ArmTemplate_6')]"
            ]
        },
        {
            "name": "CompassAPICalls_ArmTemplate_8",
            "type": "Microsoft.Resources/deployments",
            "apiVersion": "2024-03-01",
            "properties": {
                "mode": "incremental",
                "templateLink": {
                    "uri": "[concat(parameters('containerUri'), '/ArmTemplate_8.json', parameters('containerSasToken'))]",
                    "contentVersion": "1.0.0.0"
                },
                "parameters": {
                    "factoryName": {
                        "value": "[parameters('factoryName')]"
                    }
                }
            },
            "dependsOn": [
                "[resourceId('Microsoft.Resources/deployments', 'CompassAPICalls_ArmTemplate_7')]"
            ]
        },
        {
            "name": "CompassAPICalls_ArmTemplate_9",
            "type": "Microsoft.Resources/deployments",
            "apiVersion": "2024-03-01",
            "properties": {
                "mode": "incremental",
                "templateLink": {
                    "uri": "[concat(parameters('containerUri'), '/ArmTemplate_9.json', parameters('containerSasToken'))]",
                    "contentVersion": "1.0.0.0"
                },
                "parameters": {
                    "factoryName": {
                        "value": "[parameters('factoryName')]"
                    }
                }
            },
            "dependsOn": [
                "[resourceId('Microsoft.Resources/deployments', 'CompassAPICalls_ArmTemplate_8')]"
            ]
        },
        {
            "name": "CompassAPICalls_ArmTemplate_10",
            "type": "Microsoft.Resources/deployments",
            "apiVersion": "2024-03-01",
            "properties": {
                "mode": "incremental",
                "templateLink": {
                    "uri": "[concat(parameters('containerUri'), '/ArmTemplate_10.json', parameters('containerSasToken'))]",
                    "contentVersion": "1.0.0.0"
                },
                "parameters": {
                    "factoryName": {
                        "value": "[parameters('factoryName')]"
                    }
                }
            },
            "dependsOn": [
                "[resourceId('Microsoft.Resources/deployments', 'CompassAPICalls_ArmTemplate_9')]"
            ]
        },
        {
            "name": "CompassAPICalls_ArmTemplate_11",
            "type": "Microsoft.Resources/deployments",
            "apiVersion": "2024-03-01",
            "properties": {
                "mode": "incremental",
                "templateLink": {
                    "uri": "[concat(parameters('containerUri'), '/ArmTemplate_11.json', parameters('containerSasToken'))]",
                    "contentVersion": "1.0.0.0"
                },
                "parameters": {
                    "factoryName": {
                        "value": "[parameters('factoryName')]"
                    }
                }
            },
            "dependsOn": [
                "[resourceId('Microsoft.Resources/deployments', 'CompassAPICalls_ArmTemplate_10')]"
            ]
        },
        {
            "name": "CompassAPICalls_ArmTemplate_12",
            "type": "Microsoft.Resources/deployments",
            "apiVersion": "2024-03-01",
            "properties": {
                "mode": "incremental",
                "templateLink": {
                    "uri": "[concat(parameters('containerUri'), '/ArmTemplate_12.json', parameters('containerSasToken'))]",
                    "contentVersion": "1.0.0.0"
                },
                "parameters": {
                    "factoryName": {
                        "value": "[parameters('factoryName')]"
                    }
                }
            },
            "dependsOn": [
                "[resourceId('Microsoft.Resources/deployments', 'CompassAPICalls_ArmTemplate_11')]"
            ]
        },
        {
            "name": "CompassAPICalls_ArmTemplate_13",
            "type": "Microsoft.Resources/deployments",
            "apiVersion": "2024-03-01",
            "properties": {
                "mode": "incremental",
                "templateLink": {
                    "uri": "[concat(parameters('containerUri'), '/ArmTemplate_13.json', parameters('containerSasToken'))]",
                    "contentVersion": "1.0.0.0"
                },
                "parameters": {
                    "factoryName": {
                        "value": "[parameters('factoryName')]"
                    }
                }
            },
            "dependsOn": [
                "[resourceId('Microsoft.Resources/deployments', 'CompassAPICalls_ArmTemplate_12')]"
            ]
        },
        {
            "name": "CompassAPICalls_ArmTemplate_14",
            "type": "Microsoft.Resources/deployments",
            "apiVersion": "2024-03-01",
            "properties": {
                "mode": "incremental",
                "templateLink": {
                    "uri": "[concat(parameters('containerUri'), '/ArmTemplate_14.json', parameters('containerSasToken'))]",
                    "contentVersion": "1.0.0.0"
                },
                "parameters": {
                    "factoryName": {
                        "value": "[parameters('factoryName')]"
                    }
                }
            },
            "dependsOn": [
                "[resourceId('Microsoft.Resources/deployments', 'CompassAPICalls_ArmTemplate_13')]"
            ]
        },
        {
            "name": "CompassAPICalls_ArmTemplate_15",
            "type": "Microsoft.Resources/deployments",
            "apiVersion": "2024-03-01",
            "properties": {
                "mode": "incremental",
                "templateLink": {
                    "uri": "[concat(parameters('containerUri'), '/ArmTemplate_15.json', parameters('containerSasToken'))]",
                    "contentVersion": "1.0.0.0"
                },
                "parameters": {
                    "factoryName": {
                        "value": "[parameters('factoryName')]"
                    }
                }
            },
            "dependsOn": [
                "[resourceId('Microsoft.Resources/deployments', 'CompassAPICalls_ArmTemplate_14')]"
            ]
        },
        {
            "name": "CompassAPICalls_ArmTemplate_16",
            "type": "Microsoft.Resources/deployments",
            "apiVersion": "2024-03-01",
            "properties": {
                "mode": "incremental",
                "templateLink": {
                    "uri": "[concat(parameters('containerUri'), '/ArmTemplate_16.json', parameters('containerSasToken'))]",
                    "contentVersion": "1.0.0.0"
                },
                "parameters": {
                    "factoryName": {
                        "value": "[parameters('factoryName')]"
                    }
                }
            },
            "dependsOn": [
                "[resourceId('Microsoft.Resources/deployments', 'CompassAPICalls_ArmTemplate_15')]"
            ]
        },
        {
            "name": "CompassAPICalls_ArmTemplate_17",
            "type": "Microsoft.Resources/deployments",
            "apiVersion": "2024-03-01",
            "properties": {
                "mode": "incremental",
                "templateLink": {
                    "uri": "[concat(parameters('containerUri'), '/ArmTemplate_17.json', parameters('containerSasToken'))]",
                    "contentVersion": "1.0.0.0"
                },
                "parameters": {
                    "factoryName": {
                        "value": "[parameters('factoryName')]"
                    }
                }
            },
            "dependsOn": [
                "[resourceId('Microsoft.Resources/deployments', 'CompassAPICalls_ArmTemplate_16')]"
            ]
        }
    ]
}