{
    "$schema": "http://schema.management.azure.com/schemas/2015-01-01/deploymentTemplate.json#",
    "contentVersion": "1.0.0.0",
    "parameters": {
        "factoryName": {
            "type": "string",
            "metadata": "Data Factory name",
            "defaultValue": "CompassAPICalls"
        },
        "dataFactory_properties_globalConfigurations_PipelineBillingEnabled": {
            "type": "string",
            "defaultValue": "false"
        },
        "dataFactory_location": {
            "type": "string",
            "defaultValue": "southafricanorth"
        },
        "dataFactory_identity_type": {
            "type": "string",
            "defaultValue": "SystemAssigned"
        }
    },
    "variables": {
        "factoryId": "[concat('Microsoft.DataFactory/factories/', parameters('factoryName'))]"
    },
    "resources": [
        {
            "name": "[parameters('factoryName')]",
            "type": "Microsoft.DataFactory/factories",
            "apiVersion": "2018-06-01",
            "properties": {
                "globalConfigurations": {
                    "PipelineBillingEnabled": "[parameters('dataFactory_properties_globalConfigurations_PipelineBillingEnabled')]"
                }
            },
            "dependsOn": [],
            "location": "[parameters('dataFactory_location')]",
            "identity": {
                "type": "[parameters('dataFactory_identity_type')]",
                "principalId": "0614541a-0b9a-463b-ab70-5a7105e0f967",
                "tenantId": "a2ee1763-e482-4c5a-9fa4-c4b832fe4bcc"
            }
        }
    ]
}